Name,Hash,Id,Tag,Tier,Type,Source,Equippable,Power,Power Limit,Masterwork Type,Masterwork Tier,Owner,Armor2.0,Locked,Equipped,Year,Season,Event,Mobility,Resilience,Recovery,Discipline,Intellect,Strength,Total,Custom,Mobility (Base),Resilience (Base),Recovery (Base),Discipline (Base),Intellect (Base),Strength (Base),Total (Base),Custom (Base),Seasonal Mod,Notes,Perks 0,Perks 1,Perks 2,Perks 3,Perks 4,Perks 5,Perks 6,Perks 7,Perks 8,Perks 9,Perks 10
Pathfinder's Helmet,2957532337,"""6917529575039648947""",,Legendary,Helmet,,Hunter,1320,,Solar Energy Capacity,2,Hunter(1330),true,false,false,4,15,,2,7,20,2,18,7,56,0,2,7,20,2,18,7,56,0,combatstyle,,Upgrade Armor*,*,*,*,*,,,,,,
Lightkin Mask,30472172,"""6917529430502144411""",keep,Legendary,Helmet,servitor,Hunter,1310,,Void Energy Capacity,10,Hunter(1330),true,true,false,4,14,,4,4,32,4,20,24,88,0,2,2,30,2,18,12,66,0,combatstyle,,Strength Mod*,Trace Rifle Ammo Finder*,Warmind's Protection*,Conflagrate*,Upgrade Armor*,*,*,*,*,Iron Truage Casque*,
Lightkin Mask,30472172,"""6917529387069438230""",keep,Legendary,Helmet,servitor,Hunter,1310,,Solar Energy Capacity,6,Hunter(1330),true,true,false,4,14,,12,29,2,8,23,2,76,0,2,29,2,8,23,2,66,0,combatstyle,,Mobility Mod*,Fireteam Medic*,Upgrade Armor*,*,*,*,*,,,,
Xenos Vale IV,1702245537,"""6917529176742851725""",keep,Legendary,Helmet,strikes,Warlock,1100,,Arc Energy Capacity,2,Hunter(1330),true,true,false,3,10,,8,14,6,6,12,8,54,0,8,14,6,6,12,8,54,0,combatstyle,,Upgrade Armor*,*,*,*,*,,,,,,
Icarus Drifter Mask,2567710435,"""6917529576159995990""",,Legendary,Helmet,legendaryengram,Hunter,1318,,Solar Energy Capacity,2,Hunter(1330),true,false,false,3,11,,6,7,12,16,13,2,56,0,6,7,12,16,13,2,56,0,combatstyle,,Upgrade Armor*,*,*,*,*,,,,,,
Icarus Drifter Mask,2567710435,"""6917529576155759592""",,Legendary,Helmet,legendaryengram,Hunter,1321,,Stasis Cost,4,Hunter(1330),true,false,false,3,11,,9,7,14,7,22,2,61,0,9,7,14,7,22,2,61,0,combatstyle,,Upgrade Armor*,*,*,*,*,,,,,,
Errant Knight 1.0,3051359899,"""6917529576147992716""",,Legendary,Helmet,legendaryengram,Hunter,1321,,Void Energy Capacity,2,Hunter(1330),true,false,false,4,12,,14,13,2,13,10,9,61,0,14,13,2,13,10,9,61,0,combatstyle,,Upgrade Armor*,*,*,*,*,,,,,,
Lightkin Mask,30472172,"""6917529366411057331""",keep,Legendary,Helmet,servitor,Hunter,1320,,Solar Energy Capacity,4,Hunter(1330),true,true,false,4,14,,18,10,14,26,2,2,72,0,8,10,14,26,2,2,62,0,combatstyle,,Mobility Mod*,Wrath of Rasputin*,Upgrade Armor*,*,*,*,*,,,,
Red Moon Phantom Grips,1291141296,"""6917529492686069032""",keep,Legendary,Gauntlets,legendaryengram,Hunter,1321,,Solar Energy Capacity,1,Hunter(1330),true,true,false,4,13,,13,8,9,2,2,24,58,0,13,8,9,2,2,24,58,0,combatstyle,,Change Energy Type*,*,*,*,*,,,,,,
Mythos Hack 4.1,1045948748,"""6917529575039649029""",,Rare,Gauntlets,campaign,Hunter,1318,,Arc Energy Capacity,5,Hunter(1330),true,true,false,2,4,,7,12,7,18,2,6,52,0,7,12,7,18,2,6,52,0,,,Metallic Sunset*,Upgrade Armor*,*,*,*,*,,,,,
Errant Knight 1.0,215674186,"""6917529343411806242""",keep,Legendary,Gauntlets,legendaryengram,Hunter,1318,,Solar Energy Capacity,10,Hunter(1330),true,true,false,4,12,,4,14,30,16,16,4,84,0,2,2,28,14,14,2,62,0,combatstyle,,Resilience Mod*,Overload Bow*,Anti-Barrier Auto Rifle*,Rage of the Warmind*,Conflagrate*,Upgrade Armor*,*,*,*,*,
Lightkin Grips,3479737253,"""6917529422784674224""",keep,Legendary,Gauntlets,servitor,Hunter,1310,,Void Energy Capacity,2,Hunter(1330),true,true,false,4,14,,7,16,2,23,2,2,52,0,7,16,2,23,2,2,52,0,combatstyle,,Upgrade Armor*,*,*,*,*,,,,,,
Legacy's Oath Gloves,79460168,"""6917529339051554090""",keep,Legendary,Gauntlets,deepstonecrypt,Warlock,1266,,Solar Energy Capacity,2,Hunter(1330),true,true,false,4,12,,2,10,20,19,2,10,63,0,2,10,20,19,2,10,63,0,"combatstyle,deepstonecrypt",,Upgrade Armor*,*,*,*,*,,,,,,
Frumious Grips,3967899461,"""6917529492690342115""",keep,Legendary,Gauntlets,ikora,Hunter,1320,,Arc Energy Capacity,1,Hunter(1330),true,true,false,0,,,8,18,2,2,22,7,59,0,8,18,2,2,22,7,59,0,combatstyle,,Change Energy Type*,*,*,*,*,,,,,,
Frumious Grips,3967899461,"""6917529505071504594""",keep,Legendary,Gauntlets,ikora,Hunter,1320,,Solar Energy Capacity,1,Hunter(1330),true,true,false,0,,,2,6,20,8,6,16,58,0,2,6,20,8,6,16,58,0,combatstyle,,Change Energy Type*,*,*,*,*,,,,,,
Thorium Holt Gloves,2618290591,"""6917529582426243089""",,Legendary,Gauntlets,legendaryengram,Warlock,1317,,Arc Energy Capacity,1,Hunter(1330),true,false,false,4,13,,2,10,13,6,13,8,52,0,2,10,13,6,13,8,52,0,combatstyle,,Change Energy Type*,*,*,*,*,,,,,,
Legacy's Oath Grips,2343515647,"""6917529504981663182""",keep,Legendary,Gauntlets,deepstonecrypt,Hunter,1321,,Solar Energy Capacity,2,Hunter(1330),true,true,false,4,12,,2,2,28,7,23,2,64,0,2,2,28,7,23,2,64,0,"combatstyle,deepstonecrypt",,Upgrade Armor*,*,*,*,*,,,,,,
Insight Rover Vest,2808379196,"""6917529576164702165""",,Legendary,Chest Armor,legendaryengram,Hunter,1321,,Stasis Cost,4,Hunter(1330),true,false,false,3,11,,10,2,16,7,15,9,59,0,10,2,16,7,15,9,59,0,combatstyle,,Upgrade Armor*,*,*,*,*,,,,,,
Lucky Raspberry,903984858,"""6917529370521403296""",keep,Exotic,Chest Armor,,Hunter,1310,,Arc Energy Capacity,1,Hunter(1330),true,true,false,1,1,,10,15,8,22,2,6,63,0,10,15,8,22,2,6,63,0,combatstyle,,Change Energy Type*,*,*,,*,*,Probability Matrix*,,,,
Insight Rover Vest,2808379196,"""6917529492690349251""",keep,Legendary,Chest Armor,legendaryengram,Hunter,1320,,Arc Energy Capacity,3,Hunter(1330),true,true,false,3,11,,20,7,2,6,13,7,55,0,20,7,2,6,13,7,55,0,combatstyle,,Upgrade Armor*,*,*,*,*,,,,,,
Frumious Vest,2392018715,"""6917529561746778055""",keep,Legendary,Chest Armor,ikora,Hunter,1320,,Stasis Cost,1,Hunter(1330),true,true,false,0,,,19,8,2,20,7,2,58,0,19,8,2,20,7,2,58,0,combatstyle,,Change Energy Type*,*,*,*,*,,,,,,
Omnioculus,1935198785,"""6917529434424944287""",keep,Exotic,Chest Armor,lostsectors,Hunter,1319,,Arc Energy Capacity,8,Hunter(1330),true,true,false,4,13,,19,2,14,7,17,7,66,0,14,2,14,7,17,7,61,0,combatstyle,,Minor Mobility Mod*,Sniper Damage Resistance*,Trace Rifle Reserves*,Global Reach*,Testudo*,Upgrade Armor*,*,*,*,*,Beyond The Veil*
Legacy's Oath Vest,4001862073,"""6917529343190501703""",keep,Legendary,Chest Armor,deepstonecrypt,Hunter,1282,,Arc Energy Capacity,7,Hunter(1330),true,true,false,4,12,,12,27,2,8,9,13,71,0,2,27,2,8,9,13,61,0,"combatstyle,deepstonecrypt",,Mobility Mod*,Radiant Light*,Upgrade Armor*,*,*,*,*,,,,
Woven Firesmith Vest,1126789516,"""6917529402118050531""",keep,Legendary,Chest Armor,,Hunter,1319,,Void Energy Capacity,2,Hunter(1330),true,true,false,4,14,,21,6,2,19,2,10,60,0,21,6,2,19,2,10,60,0,combatstyle,,New Age Black Armory*,Upgrade Armor*,*,*,*,*,,,,,
Prime Zealot Cuirass,1133961267,"""6917529386709524522""",keep,Legendary,Chest Armor,vog,Hunter,1310,,Arc Energy Capacity,8,Hunter(1330),true,true,false,4,14,,2,7,28,13,17,2,69,0,2,2,28,13,17,2,64,0,"combatstyle,vaultofglass",,Minor Resilience Mod*,Trace Rifle Reserves*,Sniper Damage Resistance*,Global Reach*,Upgrade Armor*,*,*,*,*,,
Mythos Hack 4.1,1691784182,"""6917529575017563374""",,Rare,Leg Armor,campaign,Hunter,1319,,Void Energy Capacity,5,Hunter(1330),true,false,false,2,4,,6,12,6,6,6,12,48,0,6,12,6,6,6,12,48,0,,,Metallic Sunset*,Upgrade Armor*,*,*,*,*,,,,,
Icarus Drifter Legs,4064910796,"""6917529492690347983""",keep,Legendary,Leg Armor,legendaryengram,Hunter,1321,,Stasis Cost,5,Hunter(1330),true,true,false,3,11,,7,13,10,20,2,7,59,0,7,13,10,20,2,7,59,0,combatstyle,,Upgrade Armor*,*,*,*,*,,,,,,
Pathfinder's Legguards,2675526370,"""6917529561746774158""",junk,Legendary,Leg Armor,,Hunter,1320,,Stasis Cost,2,Hunter(1330),true,false,false,4,15,,12,2,12,7,8,11,52,0,12,2,12,7,8,11,52,0,combatstyle,,Upgrade Armor*,*,*,*,*,,,,,,
Pathfinder's Legguards,2675526370,"""6917529496381745537""",junk,Legendary,Leg Armor,,Hunter,1320,,Solar Energy Capacity,5,Hunter(1330),true,false,false,4,15,,14,2,12,8,6,11,53,0,14,2,12,8,6,11,53,0,combatstyle,,Upgrade Armor*,*,*,*,*,,,,,,
Red Moon Phantom Steps,1649776522,"""6917529576164702754""",,Legendary,Leg Armor,legendaryengram,Hunter,1321,,Arc Energy Capacity,1,Hunter(1330),true,false,false,4,13,,2,24,7,6,2,20,61,0,2,24,7,6,2,20,61,0,combatstyle,,Change Energy Type*,*,*,*,*,,,,,,
Holdfast Strides,3136019014,"""6917529467731357931""",keep,Legendary,Leg Armor,seasonpass,Hunter,1321,,Void Energy Capacity,4,Hunter(1330),true,true,false,3,11,,2,2,23,12,2,19,60,0,2,2,23,12,2,19,60,0,combatstyle,,Upgrade Armor*,*,*,*,*,,,,,,
Prime Zealot Strides,129332559,"""6917529445700244083""",keep,Legendary,Leg Armor,vog,Hunter,1322,,Solar Energy Capacity,7,Hunter(1330),true,true,false,4,14,,2,22,19,8,2,21,74,0,2,12,19,8,2,21,64,0,"combatstyle,vaultofglass",,Resilience Mod*,Absolution*,Wrath of Rasputin*,Change Energy Type*,*,*,*,*,,,
Legacy's Oath Strides,1264765761,"""6917529343136631849""",keep,Legendary,Leg Armor,deepstonecrypt,Hunter,1320,,Void Energy Capacity,7,Hunter(1330),true,true,false,4,12,,2,7,24,19,2,18,72,0,2,7,24,19,2,8,62,0,"combatstyle,deepstonecrypt",,Strength Mod*,Better Already*,Grasp of the Warmind*,Upgrade Armor*,*,*,*,*,Iron Truage Boots*,,
Twisting Echo Strides,337875583,"""6917529545237348924""",keep,Legendary,Leg Armor,30th,Hunter,1321,,Void Energy Capacity,2,Hunter(1330),true,true,false,4,15,,9,15,6,9,2,20,61,0,9,15,6,9,2,20,61,0,combatstyle,,Upgrade Armor*,*,*,*,*,,,,,,
Far Gone Hood,3297872976,"""6917529575034088559""",,Legendary,Hunter Cloak,legendaryengram,Hunter,1318,,Arc Energy Capacity,1,Hunter(1330),true,false,false,4,15,,0,0,0,0,0,0,0,0,0,0,0,0,0,0,0,0,combatstyle,,Change Energy Type*,,,,,,,,,,
Praefectus Bond,2803792315,"""6917529575350435083""",,Legendary,Warlock Bond,seasonpass,Warlock,1318,,Arc Energy Capacity,1,Hunter(1330),true,false,false,4,13,,0,0,0,0,0,0,0,0,0,0,0,0,0,0,0,0,combatstyle,,Change Energy Type*,,,,,,,,,,
Mask of Bakris,1619425569,"""6917529365533747777""",keep,Exotic,Helmet,lostsectors,Hunter,1313,,Void Energy Capacity,7,Hunter(1330),true,true,true,4,12,,11,14,8,10,19,-8,54,0,11,9,8,10,19,2,59,0,combatstyle,,Minor Resilience Mod*,Linear Fusion Rifle Ammo Finder*,Protective Light*,Upgrade Armor*,*,*,*,*,Light Shift*,,
Prime Zealot Gloves,3753500813,"""6917529378686089992""",keep,Legendary,Gauntlets,vog,Hunter,1318,,Arc Energy Capacity,8,Hunter(1330),true,true,true,4,14,,2,6,28,22,8,2,68,0,2,6,23,22,8,2,63,0,"combatstyle,vaultofglass",,Minor Recovery Mod*,Unstoppable Pulse Rifle*,Radiant Light*,SUROS Modular*,Upgrade Armor*,*,*,*,*,Iron Truage Grips*,
Icarus Drifter Vest,1399263478,"""6917529253940906694""",keep,Legendary,Chest Armor,legendaryengram,Hunter,1318,,Void Energy Capacity,7,Hunter(1330),true,true,true,3,11,,14,14,-3,21,7,2,55,0,9,14,7,21,7,2,60,0,combatstyle,,Minor Mobility Mod*,Sniper Damage Resistance*,Concussive Dampener*,Stacks on Stacks*,Upgrade Armor*,*,*,*,*,,
Dreambane Strides,328467570,"""6917529343844595887""",keep,Legendary,Leg Armor,moon,Hunter,1318,,Void Energy Capacity,7,Hunter(1330),true,true,true,4,13,,26,9,8,27,2,2,74,0,16,9,8,27,2,2,64,0,"combatstyle,nightmare",,Mobility Mod*,Insulation*,Reaping Wellmaker*,Upgrade Armor*,*,*,*,*,,,
Cloak of Five Full Moons,391377141,"""6917529354276520673""",junk,Legendary,Hunter Cloak,legendaryengram,Hunter,1320,,Solar Energy Capacity,10,Hunter(1330),true,true,true,4,13,,12,2,2,2,2,2,22,0,0,0,0,0,0,0,0,0,combatstyle,,Mobility Mod*,Particle Deconstruction*,Conflagrate*,Upgrade Armor*,,,,,,,
Shadow Specter,402937789,"""6917529575039643318""",,Rare,Helmet,campaign,Hunter,1320,,Solar Energy Capacity,5,Warlock(1332),true,false,false,2,4,,10,10,2,7,6,11,46,0,10,10,2,7,6,11,46,0,,,Upgrade Armor*,*,*,*,*,,,,,,
Pathfinder's Visor,3642146012,"""6917529582417122448""",,Legendary,Helmet,,Warlock,1318,,Solar Energy Capacity,3,Warlock(1332),true,false,false,4,15,,8,2,23,2,12,13,60,0,8,2,23,2,12,13,60,0,combatstyle,,Upgrade Armor*,*,*,*,*,,,,,,
Heiro Camo,2954945607,"""6917529582421712300""",,Legendary,Helmet,legendaryengram,Warlock,1320,,Arc Energy Capacity,3,Warlock(1332),true,false,false,4,15,,7,2,17,8,6,13,53,0,7,2,17,8,6,13,53,0,combatstyle,,Upgrade Armor*,*,*,*,*,,,,,,
Eye of Another World,3381022970,"""6917529580479654354""",,Exotic,Helmet,,Warlock,1320,,Void Energy Capacity,8,Warlock(1332),true,false,false,1,1,,2,10,24,23,2,6,67,0,2,10,24,13,2,16,67,0,combatstyle,,Discipline Mod*,Linear Fusion Rifle Ammo Finder*,Protective Light*,Upgrade Armor*,*,*,*,*,Cerebral Uplink*,,
Tangled Web Hood,4113317396,"""6917529582426243072""",,Legendary,Helmet,legendaryengram,Warlock,1318,,Void Energy Capacity,2,Warlock(1332),true,false,false,4,15,,2,11,12,2,11,12,50,0,2,11,12,2,11,12,50,0,combatstyle,,Upgrade Armor*,*,*,*,*,,,,,,
Chiron's Cure,1486292360,"""6917529585285362620""",,Rare,Helmet,campaign,Warlock,1317,,Void Energy Capacity,5,Warlock(1332),true,false,false,2,4,,7,6,11,12,2,10,48,0,7,6,11,12,2,10,48,0,,,Upgrade Armor*,*,*,*,*,,,,,,
Tangled Web Hood,4113317396,"""6917529582495304694""",,Legendary,Helmet,legendaryengram,Warlock,1320,,Solar Energy Capacity,1,Warlock(1332),true,false,false,4,15,,2,10,13,13,7,7,52,0,2,10,13,13,7,7,52,0,combatstyle,,Change Energy Type*,*,*,*,*,,,,,,
Eimin-Tin Ritual Mask,3634942770,"""6917529582511408762""",,Legendary,Helmet,tangled,Warlock,1319,,Void Energy Capacity,1,Warlock(1332),true,false,false,4,12,,2,6,23,2,7,18,58,0,2,6,23,2,7,18,58,0,combatstyle,,Change Energy Type*,*,*,*,*,,,,,,
Corrupting Echo Cover,1832715465,"""6917529585293565205""",,Legendary,Helmet,30th,Warlock,1319,,Arc Energy Capacity,2,Warlock(1332),true,false,false,4,15,,2,13,15,10,6,16,62,0,2,13,15,10,6,16,62,0,combatstyle,,Upgrade Armor*,*,*,*,*,,,,,,
Prodigal Gloves,3634078494,"""6917529582608196377""",,Legendary,Gauntlets,legendaryengram,Warlock,1319,,Void Energy Capacity,1,Warlock(1332),true,false,false,4,15,,2,12,11,10,6,12,53,0,2,12,11,10,6,12,53,0,combatstyle,,Change Energy Type*,*,*,*,*,,,,,,
Corrupting Echo Gloves,3536211008,"""6917529585261950061""",,Legendary,Gauntlets,30th,Warlock,1320,,Arc Energy Capacity,2,Warlock(1332),true,false,false,4,15,,2,12,16,19,9,2,60,0,2,12,16,19,9,2,60,0,combatstyle,,Upgrade Armor*,*,*,*,*,,,,,,
Getaway Artist,3084282676,"""6917529585293571767""",,Exotic,Gauntlets,,Warlock,1321,,Solar Energy Capacity,3,Warlock(1332),true,false,false,2,6,,8,7,16,14,2,15,62,0,8,7,16,14,2,15,62,0,combatstyle,,Upgrade Armor*,*,*,*,*,Dynamic Duo*,,,,,
Praefectus Gloves,3245065734,"""6917529582506108436""",,Legendary,Gauntlets,seasonpass,Warlock,1317,,Arc Energy Capacity,1,Warlock(1332),true,false,false,4,13,,2,12,12,19,2,6,53,0,2,12,12,19,2,6,53,0,combatstyle,,Change Energy Type*,*,*,*,*,,,,,,
Prophet Snow,341343759,"""6917529585229416768""",,Rare,Chest Armor,campaign,Warlock,1318,,Void Energy Capacity,5,Warlock(1332),true,false,false,2,4,,2,2,22,10,6,6,48,0,2,2,22,10,6,6,48,0,,,Upgrade Armor*,*,*,*,*,,,,,,
Prophet Snow,341343759,"""6917529585277526773""",,Rare,Chest Armor,campaign,Warlock,1320,,Solar Energy Capacity,5,Warlock(1332),true,false,false,2,4,,6,2,17,6,2,17,50,0,6,2,17,6,2,17,50,0,,,Upgrade Armor*,*,*,*,*,,,,,,
Phoenix Protocol,4057299719,"""6917529587864090910""",,Exotic,Chest Armor,,Warlock,1318,,Solar Energy Capacity,1,Warlock(1332),true,false,false,2,4,,14,9,12,2,15,15,67,0,14,9,12,2,15,15,67,0,combatstyle,,Change Energy Type*,*,*,*,*,Battle-Hearth*,,,,,
Sanguine Alchemy,3070555693,"""6917529587857719087""",,Exotic,Chest Armor,,Warlock,1320,,Solar Energy Capacity,2,Warlock(1332),true,false,false,1,3,,6,9,19,14,15,2,65,0,6,9,19,14,15,2,65,0,combatstyle,,Upgrade Armor*,*,*,*,*,Blood Magic*,,,,,
Heiro Camo,2984725960,"""6917529582600303686""",,Legendary,Leg Armor,legendaryengram,Warlock,1318,,Void Energy Capacity,1,Warlock(1332),true,false,false,4,15,,8,8,10,24,2,2,54,0,8,8,10,24,2,2,54,0,combatstyle,,Change Energy Type*,*,*,*,*,,,,,,
Farseeker's March,622291842,"""6917529585229413583""",,Rare,Leg Armor,campaign,Warlock,1318,,Arc Energy Capacity,5,Warlock(1332),true,false,false,2,4,,2,2,22,10,2,13,51,0,2,2,22,10,2,13,51,0,,,Upgrade Armor*,*,*,*,*,,,,,,
Corrupting Echo Boots,2231150714,"""6917529585236361507""",,Legendary,Leg Armor,30th,Warlock,1320,,Solar Energy Capacity,1,Warlock(1332),true,false,false,4,15,,2,16,13,12,7,13,63,0,2,16,13,12,7,13,63,0,combatstyle,,Change Energy Type*,*,*,*,*,,,,,,
Fatum Praevaricator,2742930797,"""6917529585267909980""",,Rare,Warlock Bond,campaign,Warlock,1317,,Solar Energy Capacity,5,Warlock(1332),true,false,false,2,4,,0,0,0,0,0,0,0,0,0,0,0,0,0,0,0,0,,,Upgrade Armor*,,,,,,,,,,
Bond of Forgotten Wars,1630079134,"""6917529585277524568""",,Rare,Warlock Bond,campaign,Warlock,1319,,Arc Energy Capacity,5,Warlock(1332),true,false,false,2,4,,0,0,0,0,0,0,0,0,0,0,0,0,0,0,0,0,,,Upgrade Armor*,,,,,,,,,,
Corrupting Echo Bond,4217390949,"""6917529585293563668""",,Legendary,Warlock Bond,30th,Warlock,1322,,Arc Energy Capacity,5,Warlock(1332),true,false,false,4,15,,0,0,0,0,0,0,0,0,0,0,0,0,0,0,0,0,combatstyle,,Upgrade Armor*,,,,,,,,,,
Praefectus Gloves,3245065734,"""6917529582506105799""",,Legendary,Gauntlets,seasonpass,Warlock,1318,,Arc Energy Capacity,3,Warlock(1332),true,false,false,4,13,,2,8,19,9,8,10,56,0,2,8,19,9,8,10,56,0,combatstyle,,Upgrade Armor*,*,*,*,*,,,,,,
Praefectus Boots,2804094976,"""6917529582525698604""",,Legendary,Leg Armor,seasonpass,Warlock,1317,,Arc Energy Capacity,1,Warlock(1332),true,false,false,4,13,,2,13,13,20,2,10,60,0,2,13,13,20,2,10,60,0,combatstyle,,Change Energy Type*,*,*,*,*,,,,,,
Farseeker's Intuition,3061532064,"""6917529585293564397""",,Rare,Chest Armor,campaign,Warlock,1318,,Solar Energy Capacity,5,Warlock(1332),true,false,false,2,4,,2,7,17,11,11,2,50,0,2,7,17,11,11,2,50,0,,,Upgrade Armor*,*,*,*,*,,,,,,
The Stag,2177524718,"""6917529576117817333""",,Exotic,Helmet,,Warlock,1320,,Void Energy Capacity,8,Warlock(1332),true,false,true,1,2,,7,18,19,22,7,-8,65,0,7,8,19,22,7,2,65,0,combatstyle,,Resilience Mod*,Linear Fusion Rifle Ammo Finder*,Protective Light*,Upgrade Armor*,*,*,*,*,Dearly Departed*,,
Pathfinder's Wraps,743529557,"""6917529568965133747""",junk,Legendary,Gauntlets,,Warlock,1320,,Arc Energy Capacity,8,Warlock(1332),true,true,true,4,15,,6,12,17,12,12,6,65,0,6,2,17,12,12,6,55,0,combatstyle,,Resilience Mod*,Overload Bow*,Anti-Barrier Auto Rifle*,Radiant Light*,Upgrade Armor*,*,*,*,*,,
Lightkin Robes,2146386894,"""6917529576185695912""",,Legendary,Chest Armor,servitor,Warlock,1320,,Void Energy Capacity,7,Warlock(1332),true,false,true,4,14,,10,7,10,14,6,12,59,0,10,2,20,14,6,12,64,0,combatstyle,,Minor Resilience Mod*,Sniper Damage Resistance*,Concussive Dampener*,Stacks on Stacks*,Upgrade Armor*,*,*,*,*,,
Pathfinder's Pants,2319651767,"""6917529576177405472""",,Legendary,Leg Armor,,Warlock,1320,,Arc Energy Capacity,9,Warlock(1332),true,false,true,4,15,,22,7,28,6,8,12,83,0,2,2,28,6,8,12,58,0,combatstyle,,Minor Resilience Mod*,Invigoration*,Fusion Scavenger*,Powerful Friends*,Upgrade Armor*,*,*,*,*,,
Synaptic Construct,3611199822,"""6917529568956790066""",keep,Legendary,Warlock Bond,legendaryengram,Warlock,1320,,Solar Energy Capacity,10,Warlock(1332),true,true,true,3,11,,2,2,2,2,2,2,12,0,0,0,0,0,0,0,0,0,combatstyle,,Particle Deconstruction*,Taking Charge*,Upgrade Armor*,,,,,,,,
Heiro Camo,2954945607,"""6917529575373685258""",,Legendary,Helmet,legendaryengram,Warlock,1320,,Arc Energy Capacity,1,Titan(1329),true,false,false,4,15,,13,2,12,2,9,16,54,0,13,2,12,2,9,16,54,0,combatstyle,,Change Energy Type*,*,*,*,*,,,,,,
Kabr's Battlecage,4029224226,"""6917529364185215840""",keep,Legendary,Helmet,vog,Titan,1305,,Void Energy Capacity,7,Titan(1329),true,true,false,4,14,,6,20,15,19,6,8,74,0,6,10,15,19,6,8,64,0,"combatstyle,vaultofglass",,Resilience Mod*,Machine Gun Targeting*,Upgrade Armor*,*,*,*,*,,,,
Forged Machinist Helm,578189287,"""6917529364225813614""",keep,Legendary,Helmet,,Titan,1301,,Solar Energy Capacity,1,Titan(1329),true,true,false,4,14,,6,13,8,2,13,13,55,0,6,13,8,2,13,13,55,0,combatstyle,,New Age Black Armory*,Change Energy Type*,*,*,*,*,,,,,
Praefectus Cover,3311198527,"""6917529343227411279""",keep,Legendary,Helmet,seasonpass,Warlock,1267,,Void Energy Capacity,6,Titan(1329),true,true,false,4,13,,8,17,7,11,14,6,63,0,8,17,7,11,14,6,63,0,combatstyle,,Upgrade Armor*,*,*,*,*,,,,,,
Kerak Type 2,1091190365,"""6917529451814763294""",keep,Legendary,Helmet,legendaryengram,Titan,1320,,Solar Energy Capacity,5,Titan(1329),true,true,false,4,12,,23,6,2,2,14,16,63,0,23,6,2,2,14,16,63,0,combatstyle,,Upgrade Armor*,*,*,*,*,,,,,,
Pathfinder's Helm,430504837,"""6917529451881047787""",keep,Legendary,Helmet,,Titan,1317,,Arc Energy Capacity,1,Titan(1329),true,true,false,4,15,,6,11,7,7,7,16,54,0,6,11,7,7,7,16,54,0,combatstyle,,Change Energy Type*,*,*,*,*,,,,,,
Insight Vikti Hood,597618504,"""6917529343216985772""",keep,Legendary,Helmet,legendaryengram,Warlock,1262,,Void Energy Capacity,1,Titan(1329),true,true,false,3,11,,10,8,9,2,8,17,54,0,10,8,9,2,8,17,54,0,combatstyle,,Change Energy Type*,*,*,*,*,,,,,,
Insight Vikti Hood,597618504,"""6917529336067019335""",keep,Legendary,Helmet,legendaryengram,Warlock,1255,,Void Energy Capacity,4,Titan(1329),true,true,false,3,11,,2,6,26,6,7,12,59,0,2,6,16,6,7,12,49,0,combatstyle,,Recovery Mod*,Upgrade Armor*,*,*,*,*,,,,,
Praefectus Cover,3311198527,"""6917529336067019430""",keep,Legendary,Helmet,seasonpass,Warlock,1253,,Void Energy Capacity,1,Titan(1329),true,true,false,4,13,,6,10,6,12,6,6,46,0,6,10,6,12,6,6,46,0,combatstyle,,Change Energy Type*,*,*,*,*,,,,,,
Gauntlets of the Great Hunt,1952647501,"""6917529347003058145""",keep,Legendary,Gauntlets,lastwish,Titan,1271,,Void Energy Capacity,4,Titan(1329),true,true,false,4,12,,2,16,14,7,8,15,62,0,2,16,14,7,8,15,62,0,"combatstyle,lastwish",,Upgrade Armor*,*,*,*,*,,,,,,
Praefectus Gauntlets,3350504921,"""6917529343500469859""",keep,Legendary,Gauntlets,seasonpass,Titan,1261,,Void Energy Capacity,6,Titan(1329),true,true,false,4,13,,14,12,7,11,14,6,64,0,14,12,7,11,14,6,64,0,combatstyle,,Upgrade Armor*,*,*,*,*,,,,,,
Noble Constant Type 2,3229389575,"""6917529450598106656""",keep,Legendary,Gauntlets,ikora,Titan,1314,,Arc Energy Capacity,3,Titan(1329),true,true,false,0,,,13,7,8,9,16,2,55,0,13,7,8,9,16,2,55,0,combatstyle,,Upgrade Armor*,*,*,*,*,,,,,,
Praefectus Gauntlets,3350504921,"""6917529336139910737""",keep,Legendary,Gauntlets,seasonpass,Titan,1229,,Void Energy Capacity,3,Titan(1329),true,true,false,4,13,,2,26,6,6,12,6,58,0,2,16,6,6,12,6,48,0,combatstyle,,Resilience Mod*,Upgrade Armor*,*,*,*,*,,,,,
Retro-Grade TG2,3024860521,"""6917529176765316164""",keep,Legendary,Gauntlets,legendaryengram,Titan,1100,1260,Arc Energy Capacity,4,Titan(1329),true,true,false,3,9,,13,10,2,12,9,6,52,0,13,10,2,12,9,6,52,0,legacy,,Upgrade Armor*,*,*,*,*,,,,,,
Legacy's Oath Gloves,79460168,"""6917529347039881732""",keep,Legendary,Gauntlets,deepstonecrypt,Warlock,1286,,Solar Energy Capacity,3,Titan(1329),true,true,false,4,12,,12,6,14,8,14,7,61,0,12,6,14,8,14,7,61,0,"combatstyle,deepstonecrypt",,Upgrade Armor*,*,*,*,*,,,,,,
Legacy's Oath Gloves,79460168,"""6917529347021544807""",keep,Legendary,Gauntlets,deepstonecrypt,Warlock,1276,,Void Energy Capacity,3,Titan(1329),true,true,false,4,12,,9,8,12,21,7,2,59,0,9,8,12,21,7,2,59,0,"combatstyle,deepstonecrypt",,Upgrade Armor*,*,*,*,*,,,,,,
Praefectus Gloves,3245065734,"""6917529343232054571""",keep,Legendary,Gauntlets,seasonpass,Warlock,1271,,Void Energy Capacity,6,Titan(1329),true,true,false,4,13,,7,20,6,6,19,8,66,0,7,20,6,6,19,8,66,0,combatstyle,,Upgrade Armor*,*,*,*,*,,,,,,
Lightkin Gauntlets,3399325807,"""6917529451868025611""",keep,Legendary,Gauntlets,servitor,Titan,1318,,Void Energy Capacity,2,Titan(1329),true,true,false,4,14,,6,10,6,14,6,6,48,0,6,10,6,14,6,6,48,0,combatstyle,,Upgrade Armor*,*,*,*,*,,,,,,
Holdfast Plate,1585947570,"""6917529348907935749""",keep,Legendary,Chest Armor,seasonpass,Titan,1295,,Void Energy Capacity,1,Titan(1329),true,true,false,3,11,,2,15,13,15,2,13,60,0,2,15,13,15,2,13,60,0,combatstyle,,Change Energy Type*,*,*,*,*,,,,,,
Kerak Type 2,2038956436,"""6917529349158414088""",keep,Legendary,Chest Armor,legendaryengram,Titan,1291,,Void Energy Capacity,3,Titan(1329),true,true,false,4,12,,8,6,11,24,2,2,53,0,8,6,11,24,2,2,53,0,combatstyle,,Upgrade Armor*,*,*,*,*,,,,,,
Kerak Type 2,2038956436,"""6917529349153632618""",keep,Legendary,Chest Armor,legendaryengram,Titan,1288,,Arc Energy Capacity,1,Titan(1329),true,true,false,4,12,,8,7,12,13,6,7,53,0,8,7,12,13,6,7,53,0,combatstyle,,Change Energy Type*,*,*,*,*,,,,,,
Legacy's Oath Plate,751162931,"""6917529348942049907""",keep,Legendary,Chest Armor,deepstonecrypt,Titan,1312,,Solar Energy Capacity,6,Titan(1329),true,true,false,4,12,,12,20,10,14,6,12,74,0,12,10,10,14,6,12,64,0,"combatstyle,deepstonecrypt",,Resilience Mod*,Sniper Damage Resistance*,Concussive Dampener*,Wrath of Rasputin*,Desert Matte*,Upgrade Armor*,*,*,*,*,
Praefectus Plate,412014143,"""6917529343475137202""",keep,Legendary,Chest Armor,seasonpass,Titan,1254,,Void Energy Capacity,6,Titan(1329),true,true,false,4,13,,22,6,6,12,9,12,67,0,22,6,6,12,9,12,67,0,combatstyle,,Upgrade Armor*,*,*,*,*,,,,,,
Kerak Type 2,2038956436,"""6917529451894430725""",keep,Legendary,Chest Armor,legendaryengram,Titan,1317,,Solar Energy Capacity,2,Titan(1329),true,true,false,4,12,,2,13,10,12,11,2,50,0,2,13,10,12,11,2,50,0,combatstyle,,Upgrade Armor*,*,*,*,*,,,,,,
Retro-Grade TG2,1598372079,"""6917529177102259450""",keep,Legendary,Chest Armor,legendaryengram,Titan,1100,1260,Solar Energy Capacity,2,Titan(1329),true,true,false,3,9,,22,6,2,2,18,7,57,0,22,6,2,2,18,7,57,0,legacy,,Upgrade Armor*,*,*,*,*,,,,,,
Crest of Alpha Lupi,1591207519,"""6917529492636416062""",keep,Exotic,Chest Armor,,Titan,1318,,Solar Energy Capacity,1,Titan(1329),true,true,false,1,1,,10,14,8,8,9,13,62,0,10,14,8,8,9,13,62,0,combatstyle,,Change Energy Type*,*,*,*,*,Survival Well*,,,,,
Hallowfire Heart,1192890598,"""6917529176988486071""",keep,Exotic,Chest Armor,,Titan,1100,,Solar Energy Capacity,1,Titan(1329),true,true,false,1,1,,8,7,10,6,12,6,49,0,8,7,10,6,12,6,49,0,combatstyle,,Change Energy Type*,*,*,*,*,Sunfire Furnace*,,,,,
Praefectus Greaves,1947723211,"""6917529343500466796""",keep,Legendary,Leg Armor,seasonpass,Titan,1257,,Void Energy Capacity,6,Titan(1329),true,true,false,4,13,,16,7,9,9,12,12,65,0,16,7,9,9,12,12,65,0,combatstyle,,Upgrade Armor*,*,*,*,*,,,,,,
Lightkin Greaves,3973929105,"""6917529450552834315""",keep,Legendary,Leg Armor,servitor,Titan,1314,,Arc Energy Capacity,4,Titan(1329),true,true,false,4,14,,9,2,20,6,9,15,61,0,9,2,20,6,9,15,61,0,combatstyle,,Upgrade Armor*,*,*,*,*,,,,,,
Noble Constant Type 2,2406652745,"""6917529450545114232""",keep,Legendary,Leg Armor,ikora,Titan,1314,,Void Energy Capacity,1,Titan(1329),true,true,false,0,,,9,8,12,22,2,7,60,0,9,8,12,22,2,7,60,0,combatstyle,,Change Energy Type*,*,*,*,*,,,,,,
Terra Concord Greaves,1063507982,"""6917529348933737496""",keep,Legendary,Leg Armor,legendaryengram,Titan,1290,,Void Energy Capacity,8,Titan(1329),true,true,false,3,11,,2,14,13,18,2,8,57,0,2,14,13,18,2,8,57,0,combatstyle,,Machine Gun Scavenger*,Insulation*,Cellular Suppression*,Upgrade Armor*,*,*,*,*,,,
Antaeus Wards,2423243921,"""6917529402118042624""",keep,Exotic,Leg Armor,,Titan,1310,,Void Energy Capacity,1,Titan(1329),true,true,false,2,4,,19,2,13,2,19,10,65,0,19,2,13,2,19,10,65,0,combatstyle,,Change Energy Type*,*,*,*,,*,,Reflective Vents*,,,
Mk. 44 Stand Asides,136355432,"""6917529328890106753""",keep,Exotic,Leg Armor,,Titan,1252,,Void Energy Capacity,3,Titan(1329),true,true,false,1,2,,19,23,2,18,9,2,73,0,19,13,2,18,9,2,63,0,combatstyle,,Resilience Mod*,Upgrade Armor*,*,,*,,*,,*,,"Seriously, Watch Out*"
Pathfinder's Pants,2319651767,"""6917529577791512443""",,Legendary,Leg Armor,,Warlock,1319,,Void Energy Capacity,3,Titan(1329),true,false,false,4,15,,8,2,20,11,14,2,57,0,8,2,20,11,14,2,57,0,combatstyle,,Upgrade Armor*,*,*,*,*,,,,,,
Lightkin Boots,1248864692,"""6917529576189406203""",,Legendary,Leg Armor,servitor,Warlock,1319,,Void Energy Capacity,2,Titan(1329),true,false,false,4,14,,7,2,18,11,8,6,52,0,7,2,18,11,8,6,52,0,combatstyle,,Upgrade Armor*,*,*,*,*,,,,,,
Philomath Boots,3084633087,"""6917529576092339965""",,Legendary,Leg Armor,legendaryengram,Warlock,1319,,Stasis Cost,1,Titan(1329),true,false,false,4,12,,13,13,2,16,2,7,53,0,13,13,2,16,2,7,53,0,combatstyle,,Change Energy Type*,*,*,*,*,,,,,,
Synaptic Construct,3611199822,"""6917529333596777347""",keep,Legendary,Warlock Bond,legendaryengram,Warlock,1177,,Solar Energy Capacity,2,Titan(1329),true,true,false,3,11,,0,0,0,0,0,0,0,0,0,0,0,0,0,0,0,0,combatstyle,,Upgrade Armor*,,,,,,,,,,
Holdfast Bond,2771141010,"""6917529333708433966""",junk,Legendary,Warlock Bond,seasonpass,Warlock,1255,,Solar Energy Capacity,4,Titan(1329),true,true,false,3,11,,0,0,10,0,0,0,10,0,0,0,0,0,0,0,0,0,combatstyle,,Recovery Mod*,Upgrade Armor*,,,,,,,,,
Legacy's Oath Cloak,1021060724,"""6917529346951275490""",junk,Legendary,Hunter Cloak,deepstonecrypt,Hunter,1320,,Arc Energy Capacity,10,Titan(1329),true,true,false,4,12,,22,2,2,2,2,12,42,0,0,0,0,0,0,0,0,0,"combatstyle,deepstonecrypt",,Strength Mod*,Outreach*,Powerful Friends*,Conflagrate*,Upgrade Armor*,Tangled Web Cloak*,,,,,
Legacy's Oath Cloak,1021060724,"""6917529338963268119""",junk,Legendary,Hunter Cloak,deepstonecrypt,Hunter,1317,,Void Energy Capacity,10,Titan(1329),true,true,false,4,12,,2,2,2,2,2,2,12,0,0,0,0,0,0,0,0,0,"combatstyle,deepstonecrypt",,Reaping Wellmaker*,Lilac Bombast*,Upgrade Armor*,Tangled Web Cloak*,,,,,,,
Mark of the Unassailable,3207244009,"""6917529451904435202""",keep,Legendary,Titan Mark,legendaryengram,Titan,1290,,Solar Energy Capacity,1,Titan(1329),true,true,false,4,12,,0,0,0,0,0,0,0,0,0,0,0,0,0,0,0,0,combatstyle,,Change Energy Type*,,,,,,,,,,
Synaptic Construct,3611199822,"""6917529575383607013""",,Legendary,Warlock Bond,legendaryengram,Warlock,1317,,Void Energy Capacity,1,Titan(1329),true,false,false,3,11,,0,0,0,0,0,0,0,0,0,0,0,0,0,0,0,0,combatstyle,,Change Energy Type*,,,,,,,,,,
Tethering Void,1418191157,"""6917529574937601317""",,Legendary,Warlock Bond,,Warlock,1316,,Solar Energy Capacity,2,Titan(1329),true,false,false,4,12,,0,0,0,0,0,0,0,0,0,0,0,0,0,0,0,0,combatstyle,,Upgrade Armor*,,,,,,,,,,
Philomath Bond,3475929306,"""6917529582417123098""",,Legendary,Warlock Bond,legendaryengram,Warlock,1320,,Stasis Cost,1,Titan(1329),true,false,false,4,12,,0,0,0,0,0,0,0,0,0,0,0,0,0,0,0,0,combatstyle,,Change Energy Type*,,,,,,,,,,
Noble Constant Type 2,2066872758,"""6917529451828250264""",keep,Legendary,Helmet,ikora,Titan,1318,,Stasis Cost,1,Titan(1329),true,true,true,0,,,2,7,20,6,7,14,56,0,2,7,20,6,7,14,56,0,combatstyle,,Vanguard Discipline*,Change Energy Type*,*,*,*,*,Pathfinder's Helm*,,,,
Lightkin Gauntlets,3399325807,"""6917529450552841184""",keep,Legendary,Gauntlets,servitor,Titan,1320,,Arc Energy Capacity,7,Titan(1329),true,true,true,4,14,,2,8,27,6,9,16,68,0,2,8,22,6,9,16,63,0,combatstyle,,Minor Recovery Mod*,Overload Bow*,Unstoppable Pulse Rifle*,Taking Charge*,Kairos Bronze*,Upgrade Armor*,*,*,*,*,Legatus Gauntlets*
Actium War Rig,1591207518,"""6917529452030472976""",keep,Exotic,Chest Armor,,Titan,1320,,Void Energy Capacity,3,Titan(1329),true,true,true,1,1,,3,13,21,20,2,7,66,0,3,13,21,20,2,7,66,0,combatstyle,,Upgrade Armor*,*,*,*,*,Auto-Loading Link*,,,,,
Retro-Grade TG2,2730285281,"""6917529452204546873""",keep,Legendary,Leg Armor,legendaryengram,Titan,1318,,Void Energy Capacity,5,Titan(1329),true,true,true,4,15,,8,8,10,8,14,6,54,0,8,8,10,8,14,6,54,0,combatstyle,,Upgrade Armor*,*,*,*,*,,,,,,
Mimetic Savior Mark,4058028249,"""6917529348949125955""",keep,Legendary,Titan Mark,legendaryengram,Titan,1310,,Arc Energy Capacity,7,Titan(1329),true,true,true,4,13,,0,0,5,0,0,20,25,0,0,0,0,0,0,0,0,0,combatstyle,,Minor Recovery Mod*,Outreach*,Radiant Light*,Upgrade Armor*,,,,,,,
Praefectus Robes,2166974634,"""6917529575345429990""",,Legendary,Chest Armor,seasonpass,Warlock,1320,,Solar Energy Capacity,1,Vault,true,false,false,4,13,,12,6,8,7,2,17,52,0,12,6,8,7,2,17,52,0,combatstyle,,Change Energy Type*,*,*,*,*,,,,,,
Moonfang-X7 Crown,2288398391,"""6917529576310595559""",,Legendary,Helmet,dungeon,Warlock,1319,,Solar Energy Capacity,5,Vault,true,false,false,3,11,,2,7,20,12,2,14,57,0,2,7,20,12,2,14,57,0,combatstyle,,Upgrade Armor*,*,*,*,*,,,,,,
Icarus Drifter Vest,1399263478,"""6917529350994022519""",keep,Legendary,Chest Armor,legendaryengram,Hunter,1314,,Void Energy Capacity,8,Vault,true,true,false,3,11,,26,2,2,21,9,10,70,0,26,2,2,11,9,10,60,0,combatstyle,,Discipline Mod*,Concussive Dampener*,Sniper Damage Resistance*,Global Reach*,Indigo Matrix*,Upgrade Armor*,*,*,*,*,Lightkin Vest*
Red Moon Phantom Steps,1649776522,"""6917529431998444881""",keep,Legendary,Leg Armor,legendaryengram,Hunter,1310,,Void Energy Capacity,1,Vault,true,true,false,4,13,,10,13,2,2,22,2,51,0,10,13,2,2,22,2,51,0,combatstyle,,Change Energy Type*,*,*,*,*,,,,,,
Praefectus Boots,2804094976,"""6917529343232057052""",keep,Legendary,Leg Armor,seasonpass,Warlock,1268,,Void Energy Capacity,6,Vault,true,true,false,4,13,,2,22,10,12,9,12,67,0,2,22,10,12,9,12,67,0,combatstyle,,Upgrade Armor*,*,*,*,*,,,,,,
Lightkin Boots,1248864692,"""6917529577811643960""",,Legendary,Leg Armor,servitor,Warlock,1320,,Stasis Cost,3,Vault,true,false,false,4,14,,2,10,20,20,6,2,60,0,2,10,20,20,6,2,60,0,combatstyle,,Upgrade Armor*,*,*,*,*,,,,,,
Lightkin Grips,3479737253,"""6917529402104484006""",keep,Legendary,Gauntlets,servitor,Hunter,1310,,Arc Energy Capacity,2,Vault,true,true,false,4,14,,2,21,8,9,11,10,61,0,2,21,8,9,11,10,61,0,combatstyle,,Upgrade Armor*,*,*,*,*,,,,,,
Lightkin Vest,3436655867,"""6917529402111155956""",keep,Legendary,Chest Armor,servitor,Hunter,1310,,Arc Energy Capacity,2,Vault,true,true,false,4,14,,22,2,2,6,8,14,54,0,22,2,2,6,8,14,54,0,combatstyle,,Upgrade Armor*,*,*,*,*,,,,,,
Legacy's Oath Gloves,79460168,"""6917529339040585460""",keep,Legendary,Gauntlets,deepstonecrypt,Warlock,1265,,Void Energy Capacity,4,Vault,true,true,false,4,12,,15,6,22,7,15,8,73,0,15,6,12,7,15,8,63,0,"combatstyle,deepstonecrypt",,Recovery Mod*,Upgrade Armor*,*,*,*,*,,,,,
Errant Knight 1.0,3166972772,"""6917529375091920067""",keep,Legendary,Leg Armor,legendaryengram,Hunter,1315,,Arc Energy Capacity,3,Vault,true,true,false,4,12,,20,9,2,10,16,6,63,0,20,9,2,10,16,6,63,0,combatstyle,,Upgrade Armor*,*,*,*,*,,,,,,
Philomath Cover,1196270212,"""6917529582426245965""",,Legendary,Helmet,legendaryengram,Warlock,1320,,Arc Energy Capacity,5,Vault,true,false,false,4,12,,2,9,18,2,15,12,58,0,2,9,18,2,15,12,58,0,combatstyle,,Upgrade Armor*,*,*,*,*,,,,,,
Icarus Drifter Legs,4064910796,"""6917529445628680193""",keep,Legendary,Leg Armor,legendaryengram,Hunter,1319,,Void Energy Capacity,3,Vault,true,true,false,3,11,,6,6,20,10,9,12,63,0,6,6,20,10,9,12,63,0,combatstyle,,Upgrade Armor*,*,*,*,*,,,,,,
Xenos Vale IV,2454114768,"""6917529176748973928""",keep,Legendary,Chest Armor,strikes,Warlock,1255,,Arc Energy Capacity,5,Vault,true,true,false,3,10,,12,7,16,2,18,8,63,0,12,7,6,2,18,8,53,0,combatstyle,,Recovery Mod*,Upgrade Armor*,*,*,*,*,,,,,
Praefectus Robes,2166974634,"""6917529343232054924""",keep,Legendary,Chest Armor,seasonpass,Warlock,1266,,Void Energy Capacity,6,Vault,true,true,false,4,13,,7,18,7,9,12,12,65,0,7,18,7,9,12,12,65,0,combatstyle,,Upgrade Armor*,*,*,*,*,,,,,,
Lightkin Vest,3436655867,"""6917529380752702190""",keep,Legendary,Chest Armor,servitor,Hunter,1310,,Void Energy Capacity,5,Vault,true,true,false,4,14,,2,10,20,6,6,20,64,0,2,10,20,6,6,20,64,0,combatstyle,,Sniper Damage Resistance*,Concussive Dampener*,Reaping Wellmaker*,Upgrade Armor*,*,*,*,*,,,
Synthoceps,241462142,"""6917529450474729774""",keep,Exotic,Gauntlets,,Titan,1308,,Void Energy Capacity,2,Vault,true,true,false,1,1,,7,11,17,17,7,7,66,0,7,11,17,17,7,7,66,0,combatstyle,,Global Reach*,Upgrade Armor*,*,*,*,*,Biotic Enhancements*,,,,
Insight Vikti Gloves,4239920089,"""6917529582421718957""",,Legendary,Gauntlets,legendaryengram,Warlock,1320,,Solar Energy Capacity,4,Vault,true,false,false,3,11,,2,19,11,2,23,6,63,0,2,19,11,2,23,6,63,0,combatstyle,,Upgrade Armor*,*,*,*,*,,,,,,
Liar's Handshake,4165919945,"""6917529419685391661""",keep,Exotic,Gauntlets,,Hunter,1310,,Arc Energy Capacity,1,Vault,true,true,false,2,6,,4,10,22,13,2,14,65,0,4,10,22,13,2,14,65,0,combatstyle,,Change Energy Type*,*,,*,,*,,*,,Cross Counter*,
Fr0st-EE5,609852545,"""6917529344830411446""",keep,Exotic,Leg Armor,,Hunter,1288,,Solar Energy Capacity,7,Vault,true,true,false,1,3,,25,13,2,8,9,11,68,0,15,13,2,8,9,11,58,0,combatstyle,,Mobility Mod*,Traction*,Recuperation*,Wrath of Rasputin*,Upgrade Armor*,*,*,*,*,Rapid Cooldown*,
Star-Eater Scales,1001356380,"""6917529352863990633""",keep,Exotic,Leg Armor,lostsectors,Hunter,1305,,Solar Energy Capacity,8,Vault,true,true,false,4,14,,16,16,8,15,13,2,70,0,6,16,8,15,13,2,60,0,combatstyle,,Mobility Mod*,Traction*,Innervation*,Fireteam Medic*,Upgrade Armor*,*,*,*,*,Feast of Light*,
Sunbracers,3787517196,"""6917529492641066586""",keep,Exotic,Gauntlets,,Warlock,1319,,Solar Energy Capacity,1,Vault,true,true,false,1,1,,13,16,3,12,14,7,65,0,13,16,3,12,14,7,65,0,combatstyle,,Change Energy Type*,*,*,*,*,Helium Spirals*,,,,,
Lightkin Robes,2146386894,"""6917529577811643264""",,Legendary,Chest Armor,servitor,Warlock,1318,,Solar Energy Capacity,1,Vault,true,false,false,4,14,,2,6,24,6,2,20,60,0,2,6,24,6,2,20,60,0,combatstyle,,Change Energy Type*,*,*,*,*,,,,,,
Lightkin Vest,3436655867,"""6917529431981509629""",keep,Legendary,Chest Armor,servitor,Hunter,1310,,Arc Energy Capacity,4,Vault,true,true,false,4,14,,2,10,21,16,6,10,65,0,2,10,21,16,6,10,65,0,combatstyle,,Upgrade Armor*,*,*,*,*,,,,,,
Lightkin Strides,3827066919,"""6917529402099452419""",keep,Legendary,Leg Armor,servitor,Hunter,1310,,Arc Energy Capacity,3,Vault,true,true,false,4,14,,2,21,10,9,18,2,62,0,2,21,10,9,18,2,62,0,combatstyle,,Upgrade Armor*,*,*,*,*,,,,,,
Praefectus Grips,3673119885,"""6917529344215717698""",keep,Legendary,Gauntlets,seasonpass,Hunter,1305,,Void Energy Capacity,7,Vault,true,true,false,4,13,,19,22,2,6,19,2,70,0,9,22,2,6,19,2,60,0,combatstyle,,Mobility Mod*,Global Reach*,Upgrade Armor*,*,*,*,*,,,,
Icarus Drifter Vest,1399263478,"""6917529432099307258""",keep,Legendary,Chest Armor,legendaryengram,Hunter,1319,,Void Energy Capacity,4,Vault,true,true,false,3,11,,2,22,7,2,13,16,62,0,2,22,2,2,13,16,57,0,combatstyle,,Minor Recovery Mod*,Concussive Dampener*,Sniper Damage Resistance*,Upgrade Armor*,*,*,*,*,,,
Seventh Seraph Vest,4224643669,"""6917529253435732533""",keep,Legendary,Chest Armor,seasonpass,Hunter,1206,,Solar Energy Capacity,6,Vault,true,true,false,3,10,,2,34,2,2,9,19,68,0,2,24,2,2,9,19,58,0,combatstyle,,Resilience Mod*,Upgrade Armor*,*,*,*,*,,,,,
Doom Fang Pauldron,241462141,"""6917529450474725751""",keep,Exotic,Gauntlets,,Titan,1307,,Void Energy Capacity,1,Vault,true,true,false,1,1,,13,17,3,9,13,8,63,0,13,17,3,9,13,8,63,0,combatstyle,,Change Energy Type*,*,*,*,*,Horns of Doom*,,,,,
Gwisin Vest,1474735276,"""6917529477047452139""",keep,Exotic,Chest Armor,,Hunter,1320,,Void Energy Capacity,4,Vault,true,true,false,2,4,,11,3,22,7,15,7,65,0,11,3,22,7,15,7,65,0,combatstyle,,Upgrade Armor*,*,*,*,*,Roving Assassin*,,,,,
Lightkin Strides,3827066919,"""6917529422810974975""",keep,Legendary,Leg Armor,servitor,Hunter,1310,,Arc Energy Capacity,3,Vault,true,true,false,4,14,,13,16,2,12,20,2,65,0,13,16,2,12,20,2,65,0,combatstyle,,Upgrade Armor*,*,*,*,*,,,,,,
Claws of Ahamkara,3288917178,"""6917529467743099786""",keep,Exotic,Gauntlets,,Warlock,1318,,Arc Energy Capacity,1,Vault,true,true,false,1,3,,2,12,20,6,8,15,63,0,2,12,20,6,8,15,63,0,combatstyle,,Change Energy Type*,*,*,*,*,The Whispers*,,,,,
Praefectus Strides,48951631,"""6917529343965917118""",keep,Legendary,Leg Armor,seasonpass,Hunter,1288,,Arc Energy Capacity,5,Vault,true,true,false,4,13,,26,2,2,12,6,8,56,0,26,2,2,12,6,8,56,0,combatstyle,,Mobility Mod*,Traction*,Global Reach*,Upgrade Armor*,*,*,*,*,Legatus Strides*,,
Lightkin Vest,3436655867,"""6917529422810974179""",keep,Legendary,Chest Armor,servitor,Hunter,1310,,Arc Energy Capacity,3,Vault,true,true,false,4,14,,6,8,13,23,2,2,54,0,6,8,13,23,2,2,54,0,combatstyle,,Upgrade Armor*,*,*,*,*,,,,,,
Red Moon Phantom Mask,1395001913,"""6917529431962963970""",keep,Legendary,Helmet,legendaryengram,Hunter,1319,,Solar Energy Capacity,1,Vault,true,true,false,4,13,,7,13,12,6,2,20,60,0,7,13,12,6,2,20,60,0,combatstyle,,Change Energy Type*,*,*,*,*,,,,,,
Ophidia Spathe,978537162,"""6917529379001582260""",keep,Exotic,Chest Armor,,Hunter,1317,,Solar Energy Capacity,1,Vault,true,true,false,1,3,,31,2,3,2,11,17,66,0,31,2,3,2,11,17,66,0,combatstyle,,Change Energy Type*,*,*,*,*,Scissor Fingers*,,,,,
Errant Knight 1.0,3051359899,"""6917529351636789329""",keep,Legendary,Helmet,legendaryengram,Hunter,1302,,Arc Energy Capacity,2,Vault,true,true,false,4,12,,6,8,13,24,6,2,59,0,6,8,13,24,6,2,59,0,combatstyle,,Upgrade Armor*,*,*,*,*,,,,,,
Icarus Drifter Legs,4064910796,"""6917529402118043808""",keep,Legendary,Leg Armor,legendaryengram,Hunter,1319,,Solar Energy Capacity,2,Vault,true,true,false,3,11,,15,9,8,22,2,6,62,0,15,9,8,22,2,6,62,0,combatstyle,,Upgrade Armor*,*,*,*,*,,,,,,
Wormhusk Crown,3562696927,"""6917529328897692711""",keep,Exotic,Helmet,,Hunter,1253,,Void Energy Capacity,3,Vault,true,true,false,1,3,,15,10,7,2,20,14,68,0,15,10,7,2,15,14,63,0,combatstyle,,Minor Intellect Mod*,Upgrade Armor*,*,*,,*,,*,,Burning Souls*,
Knucklehead Radar,1321354572,"""6917529328897697661""",keep,Exotic,Helmet,,Hunter,1254,,Arc Energy Capacity,1,Vault,true,true,false,1,1,,13,15,6,6,2,21,63,0,13,15,6,6,2,21,63,0,combatstyle,,Change Energy Type*,*,*,*,*,Upgraded Sensor Pack*,,,,,
Lightkin Cover,1245678091,"""6917529577834453291""",,Legendary,Helmet,servitor,Warlock,1318,,Void Energy Capacity,1,Vault,true,false,false,4,14,,2,2,26,23,2,6,61,0,2,2,26,23,2,6,61,0,combatstyle,,Change Energy Type*,*,*,*,*,,,,,,
Stronghold,2240152949,"""6917529348850642581""",keep,Exotic,Gauntlets,,Titan,1285,,Solar Energy Capacity,3,Vault,true,true,false,2,6,,6,10,15,7,14,7,59,0,6,10,15,7,14,7,59,0,combatstyle,,Upgrade Armor*,*,*,*,*,Clenched Fist*,,,,,
Helm of Saint-14,106575079,"""6917529450584755801""",keep,Exotic,Helmet,,Titan,1316,,Void Energy Capacity,5,Vault,true,true,false,1,2,,12,18,3,9,21,2,65,0,12,18,3,9,21,2,65,0,combatstyle,,Upgrade Armor*,*,*,*,*,Starless Night*,,,,,
Apotheosis Veil,1096253259,"""6917529484323134470""",keep,Exotic,Helmet,,Warlock,1318,,Arc Energy Capacity,1,Vault,true,true,false,1,3,,7,3,23,13,12,6,64,0,7,3,23,13,12,6,64,0,combatstyle,,Change Energy Type*,*,*,*,*,Insatiable*,,,,,
Assassin's Cowl,2203146422,"""6917529343426137812""",keep,Exotic,Helmet,campaign,Hunter,1310,,Void Energy Capacity,7,Vault,true,true,false,3,8,,16,6,2,6,2,26,58,0,16,6,2,6,2,16,48,0,combatstyle,,Strength Mod*,High-Energy Fire*,Upgrade Armor*,*,*,*,*,Vanishing Execution*,,,
Red Moon Phantom Vest,1571425240,"""6917529344842890562""",keep,Legendary,Chest Armor,legendaryengram,Hunter,1286,,Void Energy Capacity,1,Vault,true,true,false,4,13,,14,11,2,2,23,2,54,0,14,11,2,2,23,2,54,0,combatstyle,,Change Energy Type*,*,*,*,*,,,,,,
Aeon Swift,3942036043,"""6917529253498955578""",keep,Exotic,Gauntlets,,Hunter,1210,,Arc Energy Capacity,3,Vault,true,true,false,1,2,,13,13,17,20,2,10,75,0,3,13,17,20,2,10,65,0,combatstyle,,Mobility Mod*,Upgrade Armor*,*,*,*,*,Sect of Force*,,,,
Scorned Baron Vest,988607392,"""6917529328924867076""",keep,Legendary,Chest Armor,tangled,Hunter,1253,,Solar Energy Capacity,2,Vault,true,true,false,4,12,,2,8,16,2,2,27,57,0,2,8,16,2,2,27,57,0,combatstyle,,Upgrade Armor*,*,*,*,*,,,,,,
Red Moon Phantom Vest,1571425240,"""6917529364054310028""",keep,Legendary,Chest Armor,legendaryengram,Hunter,1311,,Arc Energy Capacity,1,Vault,true,true,false,4,13,,7,17,7,7,2,22,62,0,7,17,7,7,2,22,62,0,combatstyle,,Change Energy Type*,*,*,*,*,,,,,,
Sealed Ahamkara Grasps,1688602431,"""6917529176988485052""",keep,Exotic,Gauntlets,,Hunter,1100,,Arc Energy Capacity,5,Vault,true,true,false,1,3,,15,10,8,8,19,11,71,0,15,10,8,8,9,11,61,0,combatstyle,,Intellect Mod*,Upgrade Armor*,*,*,*,*,Nightmare Fuel*,,,,
Holdfast Robes,119457531,"""6917529336121052678""",keep,Legendary,Chest Armor,seasonpass,Warlock,1251,,Void Energy Capacity,1,Vault,true,true,false,3,11,,16,8,2,11,13,2,52,0,16,8,2,11,13,2,52,0,combatstyle,,Change Energy Type*,*,*,*,*,,,,,,
Praefectus Cuirass,3100185651,"""6917529339978708643""",keep,Legendary,Chest Armor,seasonpass,Hunter,1293,,Void Energy Capacity,7,Vault,true,true,false,4,13,,19,6,8,6,7,30,76,0,19,6,8,6,7,20,66,0,combatstyle,,Strength Mod*,Sniper Damage Resistance*,Concussive Dampener*,Upgrade Armor*,*,*,*,*,,,
Orpheus Rig,193869523,"""6917529337562995844""",keep,Exotic,Leg Armor,,Hunter,1261,,Arc Energy Capacity,7,Vault,true,true,false,1,1,,15,15,2,17,14,9,72,0,15,15,2,7,14,9,62,0,combatstyle,,Discipline Mod*,Absolution*,Traction*,Upgrade Armor*,*,,*,*,,*,Uncanny Arrows*
Iron Truage Casque,1495869176,"""6917529359688526162""",keep,Legendary,Helmet,ironbanner,Hunter,1312,,Arc Energy Capacity,8,Vault,true,true,false,4,13,,32,7,2,20,2,10,73,0,22,7,2,20,2,10,63,0,combatstyle,,Mobility Mod*,Hands-On*,Indigo Matrix*,Upgrade Armor*,*,*,*,*,Flowing Cowl*,,
Errant Knight 1.0,2531405438,"""6917529353180461580""",keep,Legendary,Chest Armor,legendaryengram,Hunter,1308,,Solar Energy Capacity,1,Vault,true,true,false,4,12,,10,9,10,20,7,6,62,0,10,9,10,20,7,6,62,0,combatstyle,,Change Energy Type*,*,*,*,*,,,,,,
Lightkin Strides,3827066919,"""6917529362025029824""",keep,Legendary,Leg Armor,servitor,Hunter,1312,,Void Energy Capacity,1,Vault,true,true,false,4,14,,23,2,2,18,6,2,53,0,23,2,2,18,6,2,53,0,combatstyle,,Change Energy Type*,*,*,*,*,,,,,,
Errant Knight 1.0,3051359899,"""6917529366341562193""",keep,Legendary,Helmet,legendaryengram,Hunter,1313,,Arc Energy Capacity,2,Vault,true,true,false,4,12,,20,6,2,2,6,16,52,0,20,6,2,2,6,16,52,0,combatstyle,,Upgrade Armor*,*,*,*,*,,,,,,
The Sixth Coyote,1474735277,"""6917529382956769552""",keep,Exotic,Chest Armor,,Hunter,1317,,Solar Energy Capacity,1,Vault,true,true,false,2,4,,20,13,3,6,14,9,65,0,20,13,3,6,14,9,65,0,combatstyle,,Change Energy Type*,*,*,*,*,Double Dodge*,,,,,
Lucky Pants,193869522,"""6917529352825630508""",keep,Exotic,Leg Armor,,Hunter,1305,,Solar Energy Capacity,3,Vault,true,true,false,1,1,,13,23,8,10,10,12,76,0,3,23,8,10,10,12,66,0,combatstyle,,Mobility Mod*,Upgrade Armor*,*,*,*,*,Illegally Modded Holster*,Hand Cannon Holster*,,,
Scorned Baron Robes,4214131061,"""6917529333560182313""",keep,Legendary,Chest Armor,tangled,Warlock,1167,,Void Energy Capacity,1,Vault,true,true,false,4,12,,10,14,2,6,10,10,52,0,10,14,2,6,10,10,52,0,combatstyle,,Change Energy Type*,*,*,*,*,,,,,,
Young Ahamkara's Spine,475652357,"""6917529358403094738""",keep,Exotic,Gauntlets,,Hunter,1310,,Arc Energy Capacity,5,Vault,true,true,false,1,1,,2,13,17,15,15,2,64,0,2,13,17,15,15,2,64,0,combatstyle,,Upgrade Armor*,*,*,*,*,Wish-Dragon Teeth*,,,,,
Shards of Galanor,691578979,"""6917529353861402527""",keep,Exotic,Gauntlets,,Hunter,1307,,Void Energy Capacity,1,Vault,true,true,false,2,4,,21,3,8,6,18,8,64,0,21,3,8,6,18,8,64,0,combatstyle,,Change Energy Type*,*,*,*,*,Sharp Edges*,,,,,
Apotheosis Veil,1096253259,"""6917529370517474098""",keep,Exotic,Helmet,,Warlock,1310,,Arc Energy Capacity,4,Vault,true,true,false,1,3,,14,23,3,9,13,7,69,0,14,13,3,9,13,7,59,0,combatstyle,,Resilience Mod*,Linear Fusion Rifle Targeting*,Upgrade Armor*,*,,*,,*,*,Insatiable*,
Praefectus Strides,48951631,"""6917529338865814915""",keep,Legendary,Leg Armor,seasonpass,Hunter,1310,,Void Energy Capacity,7,Vault,true,true,false,4,13,,6,19,18,7,6,20,76,0,6,9,18,7,6,20,66,0,combatstyle,,Resilience Mod*,Traction*,Power of Rasputin*,Upgrade Armor*,*,*,*,*,,,
St0mp-EE5,193869520,"""6917529343495996377""",keep,Exotic,Leg Armor,,Hunter,1314,,Solar Energy Capacity,10,Vault,true,true,false,1,1,,25,4,20,23,4,10,86,0,13,2,18,21,2,8,64,0,combatstyle,,Mobility Mod*,Traction*,Absolution*,Fireteam Medic*,Conflagrate*,Upgrade Armor*,*,*,*,*,Hydraulic Boosters*
Iron Truage Boots,2251614491,"""6917529358545297649""",keep,Legendary,Leg Armor,ironbanner,Hunter,1307,,Arc Energy Capacity,5,Vault,true,true,false,4,13,,22,10,2,2,7,23,66,0,22,10,2,2,7,23,66,0,combatstyle,,Upgrade Armor*,*,*,*,*,,,,,,
Holdfast Boots,674876967,"""6917529576159999343""",,Legendary,Leg Armor,seasonpass,Warlock,1320,,Solar Energy Capacity,3,Vault,true,false,false,3,11,,6,6,17,7,10,16,62,0,6,6,17,7,10,16,62,0,combatstyle,,Upgrade Armor*,*,*,*,*,,,,,,
Chromatic Fire,4057299718,"""6917529402118046196""",keep,Exotic,Chest Armor,,Warlock,1310,,Void Energy Capacity,1,Vault,true,true,false,2,4,,2,12,17,19,10,2,62,0,2,12,17,19,10,2,62,0,combatstyle,,Change Energy Type*,*,,*,,*,*,,Crystalline Transistor*,,
Celestial Nighthawk,1321354573,"""6917529440876239578""",keep,Exotic,Helmet,,Hunter,1310,,Void Energy Capacity,8,Vault,true,true,false,1,1,,18,8,11,12,15,2,66,0,18,3,11,12,15,2,61,0,combatstyle,,Minor Resilience Mod*,Trace Rifle Ammo Finder*,Grasp of the Warmind*,Upgrade Armor*,*,*,*,*,Hawkeye Hack*,,
Wormgod Caress,1734844651,"""6917529484319004935""",keep,Exotic,Gauntlets,,Titan,1320,,Solar Energy Capacity,1,Vault,true,true,false,1,3,,2,11,20,23,8,2,66,0,2,11,20,23,8,2,66,0,combatstyle,,Change Energy Type*,*,*,*,*,Burning Fists*,,,,,
Iron Truage Grips,1959672649,"""6917529386566404776""",keep,Legendary,Gauntlets,ironbanner,Hunter,1310,,Void Energy Capacity,4,Vault,true,true,false,4,13,,22,6,2,7,8,15,60,0,22,6,2,7,8,15,60,0,combatstyle,,Upgrade Armor*,*,*,*,*,,,,,,
Thorium Holt Boots,1539437665,"""6917529347046699483""",keep,Legendary,Leg Armor,legendaryengram,Warlock,1281,,Void Energy Capacity,1,Vault,true,true,false,4,13,,2,8,17,7,6,14,54,0,2,8,17,7,6,14,54,0,combatstyle,,Change Energy Type*,*,*,*,*,,,,,,
Boots of the Great Hunt,1890196228,"""6917529347003055709""",keep,Legendary,Leg Armor,lastwish,Warlock,1276,,Arc Energy Capacity,2,Vault,true,true,false,4,12,,7,6,14,2,19,8,56,0,7,6,14,2,19,8,56,0,"combatstyle,lastwish",,Upgrade Armor*,*,*,*,*,,,,,,
Insight Vikti Boots,2837138379,"""6917529347063681192""",keep,Legendary,Leg Armor,legendaryengram,Warlock,1268,,Solar Energy Capacity,1,Vault,true,true,false,3,11,,14,9,7,6,9,14,59,0,14,9,7,6,9,14,59,0,combatstyle,,Change Energy Type*,*,*,*,*,,,,,,
Pathfinder's Visor,3642146012,"""6917529580382970430""",,Legendary,Helmet,,Warlock,1319,,Stasis Cost,2,Vault,true,false,false,4,15,,2,9,20,2,12,12,57,0,2,9,20,2,12,12,57,0,combatstyle,,Upgrade Armor*,*,*,*,*,,,,,,
Praefectus Boots,2804094976,"""6917529336067014322""",keep,Legendary,Leg Armor,seasonpass,Warlock,1253,,Void Energy Capacity,1,Vault,true,true,false,4,13,,6,6,12,6,16,2,48,0,6,6,12,6,16,2,48,0,combatstyle,,Change Energy Type*,*,*,*,*,,,,,,
Lightkin Robes,2146386894,"""6917529576151816093""",,Legendary,Chest Armor,servitor,Warlock,1319,,Stasis Cost,2,Vault,true,false,false,4,14,,2,12,11,6,12,12,55,0,2,12,11,6,12,12,55,0,combatstyle,,Upgrade Armor*,*,*,*,*,,,,,,
Farseeker's Casque,1328755281,"""6917529574982699024""",,Rare,Helmet,campaign,Warlock,1319,,Arc Energy Capacity,5,Vault,true,false,false,2,4,,6,16,2,2,10,11,47,0,6,16,2,2,10,11,47,0,,,Upgrade Armor*,*,*,*,*,,,,,,
Praefectus Mask,505747572,"""6917529340681956983""",keep,Legendary,Helmet,seasonpass,Hunter,1276,,Void Energy Capacity,9,Vault,true,true,false,4,13,,9,16,18,7,6,20,76,0,9,6,18,7,6,20,66,0,combatstyle,,Resilience Mod*,Power of Rasputin*,Upgrade Armor*,*,*,*,*,,,,
Geomag Stabilizers,121305948,"""6917529477042397870""",keep,Exotic,Leg Armor,,Warlock,1319,,Arc Energy Capacity,1,Vault,true,true,false,2,4,,12,15,8,15,10,7,67,0,12,15,8,15,10,7,67,0,combatstyle,,Change Energy Type*,*,*,*,*,Close Enough*,,,,,
Raiju's Harness,2268523867,"""6917529378654132546""",keep,Exotic,Chest Armor,,Hunter,1316,,Void Energy Capacity,5,Vault,true,true,false,3,10,,13,2,15,2,17,13,62,0,13,2,15,2,17,13,62,0,combatstyle,,Upgrade Armor*,*,*,*,*,Mobius Conduit*,,,,,
Lightkin Strides,3827066919,"""6917529427507313051""",keep,Legendary,Leg Armor,servitor,Hunter,1310,,Solar Energy Capacity,3,Vault,true,true,false,4,14,,2,22,2,7,13,8,54,0,2,22,2,7,13,8,54,0,combatstyle,,Upgrade Armor*,*,*,*,*,,,,,,
Holdfast Robes,119457531,"""6917529574999588917""",,Legendary,Chest Armor,seasonpass,Warlock,1320,,Solar Energy Capacity,5,Vault,true,false,false,3,11,,2,27,13,22,6,2,72,0,2,17,13,22,6,2,62,0,combatstyle,,Resilience Mod*,Concussive Dampener*,Sniper Damage Resistance*,Upgrade Armor*,*,*,*,*,,,
Insight Rover Mask,2298664693,"""6917529382703876376""",keep,Legendary,Helmet,legendaryengram,Hunter,1317,,Arc Energy Capacity,2,Vault,true,true,false,3,11,,11,19,2,23,6,2,63,0,11,19,2,23,6,2,63,0,combatstyle,,Upgrade Armor*,*,*,*,*,,,,,,
Philomath Robes,282139107,"""6917529576069119333""",,Legendary,Chest Armor,legendaryengram,Warlock,1319,,Void Energy Capacity,1,Vault,true,false,false,4,12,,15,12,2,11,12,2,54,0,15,12,2,11,12,2,54,0,combatstyle,,Change Energy Type*,*,*,*,*,,,,,,
ACD/0 Feedback Fence,2563444729,"""6917529370521406379""",keep,Exotic,Gauntlets,,Titan,1310,,Arc Energy Capacity,1,Vault,true,true,false,1,1,,10,4,22,14,16,2,68,0,10,4,22,14,16,2,68,0,combatstyle,,Change Energy Type*,*,,*,,*,,*,,Fury Conductors*,
Foetracer,896224899,"""6917529436456333468""",keep,Exotic,Helmet,,Hunter,1319,,Arc Energy Capacity,4,Vault,true,true,false,1,1,,10,9,14,7,24,2,66,0,10,9,14,7,24,2,66,0,combatstyle,,Upgrade Armor*,*,*,*,*,Relentless Tracker*,,,,,
Gemini Jester,1163283805,"""6917529446997802754""",keep,Exotic,Leg Armor,,Hunter,1321,,Void Energy Capacity,1,Vault,true,true,false,1,2,,13,10,9,17,2,12,63,0,13,10,9,17,2,12,63,0,combatstyle,,Change Energy Type*,*,*,*,*,Misdirection*,,,,,
Lightkin Boots,1248864692,"""6917529577820636388""",,Legendary,Leg Armor,servitor,Warlock,1320,,Void Energy Capacity,1,Vault,true,false,false,4,14,,12,6,14,23,8,2,65,0,12,6,14,23,8,2,65,0,combatstyle,,Change Energy Type*,*,*,*,*,,,,,,
Lightkin Gloves,3862902650,"""6917529575415183548""",,Legendary,Gauntlets,servitor,Warlock,1320,,Stasis Cost,1,Vault,true,false,false,4,14,,7,21,2,13,6,10,59,0,7,21,2,13,6,10,59,0,combatstyle,,Change Energy Type*,*,*,*,*,,,,,,
Philomath Gloves,760584029,"""6917529574932371817""",,Legendary,Gauntlets,legendaryengram,Warlock,1318,,Stasis Cost,1,Vault,true,false,false,4,12,,13,6,7,2,16,8,52,0,13,6,7,2,16,8,52,0,combatstyle,,Change Energy Type*,*,*,*,*,,,,,,
Lightkin Grips,3479737253,"""6917529439607682829""",keep,Legendary,Gauntlets,servitor,Hunter,1310,,Solar Energy Capacity,3,Vault,true,true,false,4,14,,8,2,20,10,14,8,62,0,8,2,20,10,14,8,62,0,combatstyle,,Upgrade Armor*,*,*,*,*,,,,,,
Holdfast Robes,119457531,"""6917529576247775882""",,Legendary,Chest Armor,seasonpass,Warlock,1320,,Arc Energy Capacity,2,Vault,true,false,false,3,11,,2,6,23,12,14,2,59,0,2,6,23,12,14,2,59,0,combatstyle,,Upgrade Armor*,*,*,*,*,,,,,,
Lightkin Vest,3436655867,"""6917529387082695411""",keep,Legendary,Chest Armor,servitor,Hunter,1310,,Solar Energy Capacity,3,Vault,true,true,false,4,14,,9,22,2,8,9,14,64,0,9,22,2,8,9,14,64,0,combatstyle,,Upgrade Armor*,*,*,*,*,,,,,,
Frumious Grips,3967899461,"""6917529492690349685""",keep,Legendary,Gauntlets,ikora,Hunter,1318,,Void Energy Capacity,1,Vault,true,true,false,0,,,12,2,14,2,6,21,57,0,12,2,14,2,6,21,57,0,combatstyle,,Change Energy Type*,*,*,*,*,,,,,,
Lightkin Grips,3479737253,"""6917529387088696504""",keep,Legendary,Gauntlets,servitor,Hunter,1310,,Arc Energy Capacity,3,Vault,true,true,false,4,14,,2,27,2,12,7,9,59,0,2,27,2,12,7,9,59,0,combatstyle,,Upgrade Armor*,*,*,*,*,,,,,,
Ego Talon IV,4110287116,"""6917529582417125851""",,Legendary,Leg Armor,ikora,Warlock,1320,,Arc Energy Capacity,1,Vault,true,false,false,0,,,6,10,12,15,7,8,58,0,6,10,12,15,7,8,58,0,combatstyle,,Change Energy Type*,*,*,*,*,,,,,,
Lightkin Strides,3827066919,"""6917529362104754414""",keep,Legendary,Leg Armor,servitor,Hunter,1309,,Arc Energy Capacity,1,Vault,true,true,false,4,14,,15,9,8,6,21,2,61,0,15,9,8,6,21,2,61,0,combatstyle,,Change Energy Type*,*,*,*,*,,,,,,
Lightkin Gloves,3862902650,"""6917529576217721268""",,Legendary,Gauntlets,servitor,Warlock,1318,,Arc Energy Capacity,1,Vault,true,false,false,4,14,,10,8,13,2,16,12,61,0,10,8,13,2,16,12,61,0,combatstyle,,Change Energy Type*,*,*,*,*,,,,,,
Bond Judgment (CODA),2966633380,"""6917529576287728931""",,Legendary,Warlock Bond,dungeon,Warlock,1320,,Stasis Cost,3,Vault,true,false,false,3,11,,0,0,0,0,0,0,0,0,0,0,0,0,0,0,0,0,combatstyle,,Upgrade Armor*,,,,,,,,,,
Lightkin Cover,1245678091,"""6917529576256777879""",,Legendary,Helmet,servitor,Warlock,1320,,Stasis Cost,4,Vault,true,false,false,4,14,,2,2,28,6,2,23,63,0,2,2,28,6,2,23,63,0,combatstyle,,Upgrade Armor*,*,*,*,*,,,,,,
Lightkin Robes,2146386894,"""6917529577791515314""",,Legendary,Chest Armor,servitor,Warlock,1320,,Stasis Cost,5,Vault,true,false,false,4,14,,2,2,28,9,10,12,63,0,2,2,28,9,10,12,63,0,combatstyle,,Upgrade Armor*,*,*,*,*,,,,,,
Scorned Baron Robes,4214131061,"""6917529576109398155""",,Legendary,Chest Armor,tangled,Warlock,1319,,Stasis Cost,2,Vault,true,false,false,4,12,,11,2,11,6,12,8,50,0,11,2,11,6,12,8,50,0,combatstyle,,Upgrade Armor*,*,*,*,*,,,,,,
Lightkin Cover,1245678091,"""6917529577827821737""",,Legendary,Helmet,servitor,Warlock,1320,,Solar Energy Capacity,1,Vault,true,false,false,4,14,,2,15,11,10,2,11,51,0,2,15,11,10,2,11,51,0,combatstyle,,Change Energy Type*,*,*,*,*,,,,,,
Pathfinder's Wraps,743529557,"""6917529580473747167""",,Legendary,Gauntlets,,Warlock,1319,,Void Energy Capacity,3,Vault,true,false,false,4,15,,2,2,23,7,8,12,54,0,2,2,23,7,8,12,54,0,combatstyle,,Upgrade Armor*,*,*,*,*,,,,,,
Lightkin Boots,1248864692,"""6917529576243443653""",,Legendary,Leg Armor,servitor,Warlock,1320,,Arc Energy Capacity,5,Vault,true,false,false,4,14,,2,15,11,9,15,8,60,0,2,15,11,9,15,8,60,0,combatstyle,,Upgrade Armor*,*,*,*,*,,,,,,
Wild Hunt Strides,238284968,"""6917529557186396388""",keep,Legendary,Leg Armor,seasonpass,Hunter,1100,,Solar Energy Capacity,1,Vault,true,true,false,4,12,,8,2,22,12,6,9,59,0,8,2,22,12,6,9,59,0,combatstyle,,Change Energy Type*,*,*,*,*,,,,,,
Philomath Bond,3475929306,"""6917529575409956993""",,Legendary,Warlock Bond,legendaryengram,Warlock,1320,,Stasis Cost,2,Vault,true,false,false,4,12,,0,0,0,0,0,0,0,0,0,0,0,0,0,0,0,0,combatstyle,,Upgrade Armor*,,,,,,,,,,
Lightkin Mask,30472172,"""6917529439657682094""",keep,Legendary,Helmet,servitor,Hunter,1310,,Arc Energy Capacity,2,Vault,true,true,false,4,14,,2,2,26,2,22,6,60,0,2,2,26,2,22,6,60,0,combatstyle,,Upgrade Armor*,*,*,*,*,,,,,,
Praefectus Boots,2804094976,"""6917529575368056162""",,Legendary,Leg Armor,seasonpass,Warlock,1320,,Void Energy Capacity,1,Vault,true,false,false,4,13,,8,6,12,2,20,12,60,0,8,6,12,2,20,12,60,0,combatstyle,,Change Energy Type*,*,*,*,*,,,,,,
Chiron's Cure,1486292360,"""6917529575327271322""",,Rare,Helmet,campaign,Warlock,1319,,Arc Energy Capacity,5,Vault,true,false,false,2,4,,12,7,6,17,6,2,50,0,12,7,6,17,6,2,50,0,,,Upgrade Armor*,*,*,*,*,,,,,,
Shinobu's Vow,1053737370,"""6917529378866029984""",keep,Exotic,Gauntlets,,Hunter,1317,,Void Energy Capacity,1,Vault,true,true,false,1,2,,10,19,6,10,9,12,66,0,10,19,6,10,9,12,66,0,combatstyle,,Change Energy Type*,*,*,*,*,New Tricks*,,,,,
Lightkin Cover,1245678091,"""6917529577784326138""",,Legendary,Helmet,servitor,Warlock,1320,,Stasis Cost,2,Vault,true,false,false,4,14,,2,12,18,6,18,6,62,0,2,12,18,6,18,6,62,0,combatstyle,,Upgrade Armor*,*,*,*,*,,,,,,
Legacy's Oath Boots,756445218,"""6917529347028049701""",keep,Legendary,Leg Armor,deepstonecrypt,Warlock,1285,,Void Energy Capacity,4,Vault,true,true,false,4,12,,15,18,6,9,8,13,69,0,15,8,6,9,8,13,59,0,"combatstyle,deepstonecrypt",,Resilience Mod*,Better Already*,Upgrade Armor*,*,*,*,*,,,,
Wild Hunt Grasps,2025716654,"""6917529557191847558""",keep,Legendary,Gauntlets,seasonpass,Hunter,1100,,Solar Energy Capacity,1,Vault,true,true,false,4,12,,6,25,2,6,7,20,66,0,6,25,2,6,7,20,66,0,combatstyle,,Change Energy Type*,*,*,*,*,,,,,,
Red Moon Phantom Grips,1291141296,"""6917529352877221520""",keep,Legendary,Gauntlets,legendaryengram,Hunter,1304,,Void Energy Capacity,2,Vault,true,true,false,4,13,,2,2,23,24,2,2,55,0,2,2,23,24,2,2,55,0,combatstyle,,Upgrade Armor*,*,*,*,*,,,,,,
Pathfinder's Robe,2259629899,"""6917529580428393576""",,Legendary,Chest Armor,,Warlock,1318,,Solar Energy Capacity,4,Vault,true,false,false,4,15,,10,2,10,18,7,2,49,0,10,2,10,18,7,2,49,0,combatstyle,,Upgrade Armor*,*,*,*,*,,,,,,
Lightkin Mask,30472172,"""6917529439611399707""",keep,Legendary,Helmet,servitor,Hunter,1310,,Void Energy Capacity,6,Vault,true,true,false,4,14,,7,2,20,18,2,11,60,0,7,2,20,18,2,11,60,0,combatstyle,,Upgrade Armor*,*,*,*,*,,,,,,
Heiro Camo,2984725960,"""6917529582426244759""",,Legendary,Leg Armor,legendaryengram,Warlock,1319,,Arc Energy Capacity,5,Vault,true,false,false,4,15,,7,7,12,12,9,6,53,0,7,7,12,12,9,6,53,0,combatstyle,,Upgrade Armor*,*,*,*,*,,,,,,
Iron Truage Casque,1495869176,"""6917529358524664475""",keep,Legendary,Helmet,ironbanner,Hunter,1308,,Void Energy Capacity,7,Vault,true,true,false,4,13,,2,6,24,20,14,2,68,0,2,6,24,15,14,2,63,0,combatstyle,,Minor Discipline Mod*,Dynamo*,Change Energy Type*,*,*,*,*,Interlaced Mask*,,,
One-Eyed Mask,2578771006,"""6917529477047458607""",keep,Exotic,Helmet,,Titan,1319,,Void Energy Capacity,1,Vault,true,true,false,2,4,,19,7,8,9,8,16,67,0,19,7,8,9,8,16,67,0,combatstyle,,Change Energy Type*,*,*,*,*,Vengeance*,,,,,
Chiron's Cure,3725709067,"""6917529576062401459""",,Rare,Leg Armor,campaign,Warlock,1319,,Solar Energy Capacity,5,Vault,true,false,false,2,4,,12,8,6,2,6,16,50,0,12,8,6,2,6,16,50,0,,,Upgrade Armor*,*,*,*,*,,,,,,
The Beyond,1418191156,"""6917529576137232314""",,Legendary,Warlock Bond,,Warlock,1320,,Stasis Cost,3,Vault,true,false,false,4,12,,0,0,0,0,0,0,0,0,0,0,0,0,0,0,0,0,combatstyle,,Upgrade Armor*,,,,,,,,,,
Verity's Brow,2428181146,"""6917529574258211102""",keep,Exotic,Helmet,,Warlock,1316,,Stasis Cost,3,Vault,true,true,false,1,3,,9,7,18,22,8,2,66,0,9,7,18,22,8,2,66,0,combatstyle,,Upgrade Armor*,*,*,*,*,The Fourth Magic*,,,,,
Philomath Cover,1196270212,"""6917529576140746413""",,Legendary,Helmet,legendaryengram,Warlock,1319,,Solar Energy Capacity,3,Vault,true,false,false,4,12,,2,13,11,13,13,2,54,0,2,13,11,13,13,2,54,0,combatstyle,,Upgrade Armor*,*,*,*,*,,,,,,
Chiron's Cure,1486292360,"""6917529576315091269""",,Rare,Helmet,campaign,Warlock,1318,,Arc Energy Capacity,5,Vault,true,false,false,2,4,,6,2,16,12,2,12,50,0,6,2,16,12,2,12,50,0,,,Upgrade Armor*,*,*,*,*,,,,,,
Graviton Forfeit,2773056939,"""6917529468755387776""",keep,Exotic,Helmet,,Hunter,1321,,Arc Energy Capacity,1,Vault,true,true,false,1,2,,19,6,7,10,7,15,64,0,19,6,7,10,7,15,64,0,combatstyle,,Change Energy Type*,*,*,*,*,Vanishing Shadow*,,,,,
High-Minded Complex,1876989571,"""6917529577834460913""",,Legendary,Chest Armor,legendaryengram,Warlock,1320,,Solar Energy Capacity,1,Vault,true,false,false,4,15,,2,12,12,9,16,2,53,0,2,12,12,9,16,2,53,0,combatstyle,,Change Energy Type*,*,*,*,*,,,,,,
Wild Hunt Mask,4079117607,"""6917529557186401111""",keep,Legendary,Helmet,seasonpass,Hunter,1100,,Solar Energy Capacity,1,Vault,true,true,false,4,12,,20,6,6,10,6,17,65,0,20,6,6,10,6,17,65,0,combatstyle,,Change Energy Type*,*,*,*,*,,,,,,
Wing Contender,3408834730,"""6917529561667963470""",keep,Legendary,Leg Armor,crucible,Hunter,1100,,Arc Energy Capacity,1,Vault,true,true,false,3,11,,21,6,2,15,10,7,61,0,21,6,2,15,10,7,61,0,combatstyle,,Crucible Legacy*,Change Energy Type*,*,*,*,*,,,,,
Wild Hunt Grasps,2025716654,"""6917529365460709026""",keep,Legendary,Gauntlets,seasonpass,Hunter,1310,,Solar Energy Capacity,1,Vault,true,true,false,4,12,,10,6,7,2,24,2,51,0,10,6,7,2,24,2,51,0,combatstyle,,Change Energy Type*,*,*,*,*,,,,,,
Wing Contender,3091776080,"""6917529561662396756""",keep,Legendary,Gauntlets,crucible,Hunter,1100,,Arc Energy Capacity,1,Vault,true,true,false,3,11,,22,7,2,27,2,2,62,0,22,7,2,27,2,2,62,0,combatstyle,,Crucible Legacy*,Change Energy Type*,*,*,*,*,,,,,
Philomath Gloves,760584029,"""6917529339305777046""",keep,Legendary,Gauntlets,legendaryengram,Warlock,1241,,Solar Energy Capacity,1,Vault,true,true,false,4,12,,7,16,2,8,12,6,51,0,7,16,2,8,12,6,51,0,combatstyle,,Change Energy Type*,*,*,*,*,,,,,,
Legacy's Oath Gloves,79460168,"""6917529339051557701""",keep,Legendary,Gauntlets,deepstonecrypt,Warlock,1259,,Arc Energy Capacity,2,Vault,true,true,false,4,12,,7,2,21,7,14,7,58,0,7,2,21,7,14,7,58,0,"combatstyle,deepstonecrypt",,Upgrade Armor*,*,*,*,*,,,,,,
Praefectus Strides,48951631,"""6917529338446472919""",keep,Legendary,Leg Armor,seasonpass,Hunter,1267,,Solar Energy Capacity,2,Vault,true,true,false,4,13,,8,6,13,23,2,2,54,0,8,6,13,23,2,2,54,0,combatstyle,,Upgrade Armor*,*,*,*,*,,,,,,
Red Moon Phantom Vest,1571425240,"""6917529437102857756""",keep,Legendary,Chest Armor,legendaryengram,Hunter,1319,,Void Energy Capacity,2,Vault,true,true,false,4,13,,6,12,12,2,2,27,61,0,6,12,12,2,2,27,61,0,combatstyle,,Upgrade Armor*,*,*,*,*,,,,,,
Philomath Gloves,760584029,"""6917529576151812903""",,Legendary,Gauntlets,legendaryengram,Warlock,1319,,Solar Energy Capacity,1,Vault,true,false,false,4,12,,2,6,19,9,17,2,55,0,2,6,19,9,17,2,55,0,combatstyle,,Change Energy Type*,*,*,*,*,,,,,,
Praefectus Strides,48951631,"""6917529344215717167""",keep,Legendary,Leg Armor,seasonpass,Hunter,1286,,Solar Energy Capacity,4,Vault,true,true,false,4,13,,6,24,2,7,7,11,57,0,6,24,2,7,7,11,57,0,combatstyle,,Upgrade Armor*,*,*,*,*,,,,,,
Legacy's Oath Mask,893751566,"""6917529339009474994""",keep,Legendary,Helmet,deepstonecrypt,Hunter,1275,,Void Energy Capacity,4,Vault,true,true,false,4,12,,14,2,14,31,2,7,70,0,14,2,14,21,2,7,60,0,"combatstyle,deepstonecrypt",,Discipline Mod*,Upgrade Armor*,*,*,*,*,,,,,
Pathfinder's Wraps,743529557,"""6917529582506110030""",,Legendary,Gauntlets,,Warlock,1318,,Solar Energy Capacity,2,Vault,true,false,false,4,15,,2,6,24,17,8,2,59,0,2,6,24,17,8,2,59,0,combatstyle,,Upgrade Armor*,*,*,*,*,,,,,,
Karnstein Armlets,3844826440,"""6917529574948995891""",,Exotic,Gauntlets,,Warlock,1319,,Arc Energy Capacity,3,Vault,true,false,false,1,1,,12,3,19,15,8,8,65,0,12,3,19,15,8,8,65,0,combatstyle,,Upgrade Armor*,*,*,*,*,Vampire's Caress*,,,,,
Chiron's Cure,1486292360,"""6917529575350441718""",,Rare,Helmet,campaign,Warlock,1319,,Solar Energy Capacity,5,Vault,true,false,false,2,4,,2,6,16,8,6,13,51,0,2,6,16,8,6,13,51,0,,,Upgrade Armor*,*,*,*,*,,,,,,
Chiron's Cure,1486292360,"""6917529576129576289""",,Rare,Helmet,campaign,Warlock,1317,,Solar Energy Capacity,5,Vault,true,false,false,2,4,,10,2,10,12,2,12,48,0,10,2,10,12,2,12,48,0,,,Upgrade Armor*,*,*,*,*,,,,,,
Insight Rover Grips,974507844,"""6917529354042938847""",keep,Legendary,Gauntlets,legendaryengram,Hunter,1309,,Arc Energy Capacity,5,Vault,true,true,false,3,11,,12,23,8,2,16,12,73,0,2,23,8,2,16,12,63,0,combatstyle,,Mobility Mod*,Upgrade Armor*,*,*,*,*,,,,,
Praefectus Bond,2803792315,"""6917529582412235429""",,Legendary,Warlock Bond,seasonpass,Warlock,1320,,Void Energy Capacity,2,Vault,true,false,false,4,13,,0,0,0,0,0,0,0,0,0,0,0,0,0,0,0,0,combatstyle,,Upgrade Armor*,,,,,,,,,,
Praefectus Gloves,3245065734,"""6917529575333274138""",,Legendary,Gauntlets,seasonpass,Warlock,1320,,Void Energy Capacity,3,Vault,true,false,false,4,13,,14,8,6,17,7,2,54,0,14,8,6,17,7,2,54,0,combatstyle,,Upgrade Armor*,*,*,*,*,,,,,,
Bond Judgment (CODA),2966633380,"""6917529576284057837""",,Legendary,Warlock Bond,dungeon,Warlock,1320,,Stasis Cost,3,Vault,true,false,false,3,11,,0,0,0,0,0,0,0,0,0,0,0,0,0,0,0,0,combatstyle,,Upgrade Armor*,,,,,,,,,,
Prime Zealot Strides,129332559,"""6917529441870468017""",keep,Legendary,Leg Armor,vog,Hunter,1310,,Solar Energy Capacity,4,Vault,true,true,false,4,14,,8,13,12,10,20,2,65,0,8,13,12,10,20,2,65,0,"combatstyle,vaultofglass",,Upgrade Armor*,*,*,*,*,,,,,,
Woven Firesmith Mask,2174117797,"""6917529378667856791""",keep,Legendary,Helmet,,Hunter,1296,,Void Energy Capacity,2,Vault,true,true,false,4,14,,7,14,6,2,27,2,58,0,7,14,6,2,27,2,58,0,combatstyle,,New Age Black Armory*,Upgrade Armor*,*,*,*,*,,,,,
Tesseract Trace IV,1655109893,"""6917529574948997544""",,Legendary,Leg Armor,legendaryengram,Warlock,1316,,Stasis Cost,2,Vault,true,false,false,3,11,,2,19,6,11,2,15,55,0,2,19,6,11,2,15,55,0,combatstyle,,Upgrade Armor*,*,*,*,*,,,,,,
Heiro Camo,2984725960,"""6917529575174130185""",,Legendary,Leg Armor,legendaryengram,Warlock,1317,,Void Energy Capacity,2,Vault,true,false,false,4,15,,21,7,2,17,2,7,56,0,21,7,2,17,2,7,56,0,combatstyle,,Upgrade Armor*,*,*,*,*,,,,,,
Insight Vikti Boots,2837138379,"""6917529575420346822""",,Legendary,Leg Armor,legendaryengram,Warlock,1318,,Arc Energy Capacity,1,Vault,true,false,false,3,11,,12,2,12,12,11,2,51,0,12,2,12,12,11,2,51,0,combatstyle,,Change Energy Type*,*,*,*,*,,,,,,
Synaptic Construct,3611199822,"""6917529576189407002""",,Legendary,Warlock Bond,legendaryengram,Warlock,1319,,Stasis Cost,4,Vault,true,false,false,3,11,,0,0,0,0,0,0,0,0,0,0,0,0,0,0,0,0,combatstyle,,Upgrade Armor*,,,,,,,,,,
Praefectus Helm,4003170632,"""6917529336150577751""",keep,Legendary,Helmet,seasonpass,Titan,1188,,Void Energy Capacity,1,Vault,true,true,false,4,13,,6,10,6,12,6,6,46,0,6,10,6,12,6,6,46,0,combatstyle,,Change Energy Type*,*,*,*,*,,,,,,
Praefectus Helm,4003170632,"""6917529343500465578""",keep,Legendary,Helmet,seasonpass,Titan,1251,,Void Energy Capacity,6,Vault,true,true,false,4,13,,16,12,6,6,19,8,67,0,16,12,6,6,19,8,67,0,combatstyle,,Upgrade Armor*,*,*,*,*,,,,,,
Lightkin Bond,2888835735,"""6917529575383605940""",,Legendary,Warlock Bond,servitor,Warlock,1319,,Arc Energy Capacity,3,Vault,true,false,false,4,14,,0,0,0,0,0,0,0,0,0,0,0,0,0,0,0,0,combatstyle,,Upgrade Armor*,,,,,,,,,,
Nea-Thonis Breather,3124726865,"""6917529421443397618""",keep,Legendary,Helmet,tangled,Hunter,1319,,Void Energy Capacity,1,Vault,true,true,false,4,12,,2,23,2,7,2,18,54,0,2,23,2,7,2,18,54,0,combatstyle,,Change Energy Type*,*,*,*,*,,,,,,
Icarus Drifter Mask,2567710435,"""6917529343922931233""",keep,Legendary,Helmet,legendaryengram,Hunter,1287,,Arc Energy Capacity,4,Vault,true,true,false,3,11,,2,22,10,6,18,9,67,0,2,22,10,6,18,9,67,0,combatstyle,,Upgrade Armor*,*,*,*,*,,,,,,
Legacy's Oath Strides,1264765761,"""6917529338968746219""",keep,Legendary,Leg Armor,deepstonecrypt,Hunter,1274,,Solar Energy Capacity,5,Vault,true,true,false,4,12,,13,15,2,20,9,2,61,0,13,15,2,20,9,2,61,0,"combatstyle,deepstonecrypt",,Mobility Mod*,Traction*,Sword Scavenger*,Upgrade Armor*,*,*,*,*,,,
Iron Truage Casque,1495869176,"""6917529359684086351""",keep,Legendary,Helmet,ironbanner,Hunter,1315,,Solar Energy Capacity,7,Vault,true,true,false,4,13,,7,27,2,12,12,10,70,0,7,22,2,12,12,10,65,0,combatstyle,,Minor Resilience Mod*,Burning Cells*,Upgrade Armor*,*,*,*,*,,,,
Lightkin Mask,30472172,"""6917529402099452306""",keep,Legendary,Helmet,servitor,Hunter,1310,,Solar Energy Capacity,3,Vault,true,true,false,4,14,,6,21,2,15,10,6,60,0,6,21,2,15,10,6,60,0,combatstyle,,Upgrade Armor*,*,*,*,*,,,,,,
Prophet Snow,2151724216,"""6917529575169222073""",,Rare,Helmet,campaign,Warlock,1320,,Solar Energy Capacity,5,Vault,true,false,false,2,4,,2,6,16,2,2,22,50,0,2,6,16,2,2,22,50,0,,,Upgrade Armor*,*,*,*,*,,,,,,
Crystocrene Cowl,2511757244,"""6917529387367332407""",keep,Legendary,Helmet,europa,Hunter,1320,,Arc Energy Capacity,1,Vault,true,true,false,4,12,,2,13,13,2,2,25,57,0,2,13,13,2,2,25,57,0,combatstyle,,Change Energy Type*,*,*,*,*,,,,,,
Vesper of Radius,1725917554,"""6917529580459408742""",,Exotic,Chest Armor,,Warlock,1318,,Arc Energy Capacity,1,Vault,true,false,false,1,2,,2,10,22,16,12,2,64,0,2,10,22,16,12,2,64,0,combatstyle,,Change Energy Type*,*,*,*,*,Planetary Torrent*,,,,,
Prophet Snow,2151724216,"""6917529577811647159""",,Rare,Helmet,campaign,Warlock,1317,,Solar Energy Capacity,5,Vault,true,false,false,2,4,,2,2,23,2,2,23,54,0,2,2,23,2,2,23,54,0,,,Upgrade Armor*,*,*,*,*,,,,,,
Pathfinder's Pants,2319651767,"""6917529576221714253""",,Legendary,Leg Armor,,Warlock,1318,,Solar Energy Capacity,3,Vault,true,false,false,4,15,,6,2,23,11,6,6,54,0,6,2,23,11,6,6,54,0,combatstyle,,Upgrade Armor*,*,*,*,*,,,,,,
Lightkin Grips,3479737253,"""6917529366626689022""",keep,Legendary,Gauntlets,servitor,Hunter,1310,,Void Energy Capacity,7,Vault,true,true,false,4,14,,11,10,12,7,22,2,64,0,11,10,12,7,22,2,64,0,combatstyle,,Upgrade Armor*,*,*,*,*,,,,,,
Raiden Flux,2766109872,"""6917529440876238664""",keep,Exotic,Chest Armor,,Hunter,1310,,Arc Energy Capacity,4,Vault,true,true,false,1,1,,4,11,20,2,20,10,67,0,4,11,20,2,20,10,67,0,combatstyle,,Upgrade Armor*,*,,*,,*,*,Synapse Junctions*,,,
Thorium Holt Robes,3603834073,"""6917529575169226355""",,Legendary,Chest Armor,legendaryengram,Warlock,1300,,Stasis Cost,3,Vault,true,false,false,4,13,,2,12,13,10,8,8,53,0,2,12,13,10,8,8,53,0,combatstyle,,Upgrade Armor*,*,*,*,*,,,,,,
Prodigal Steps,4053460984,"""6917529576315088207""",,Legendary,Leg Armor,legendaryengram,Warlock,1319,,Solar Energy Capacity,4,Vault,true,false,false,4,15,,6,2,16,16,8,2,50,0,6,2,16,16,8,2,50,0,combatstyle,,Upgrade Armor*,*,*,*,*,,,,,,
Praefectus Boots,2804094976,"""6917529582421714590""",,Legendary,Leg Armor,seasonpass,Warlock,1319,,Arc Energy Capacity,1,Vault,true,false,false,4,13,,2,7,17,14,10,6,56,0,2,7,17,14,10,6,56,0,combatstyle,,Change Energy Type*,*,*,*,*,,,,,,
The Dragon's Shadow,2766109874,"""6917529431898003135""",keep,Exotic,Chest Armor,,Hunter,1319,,Solar Energy Capacity,1,Vault,true,true,false,1,1,,23,8,2,7,10,14,64,0,23,8,2,7,10,14,64,0,combatstyle,,Change Energy Type*,*,*,*,*,Wraithmetal Mail*,,,,,
Lunafaction Boots,4136768282,"""6917529576221718358""",,Exotic,Leg Armor,,Warlock,1320,,Void Energy Capacity,1,Vault,true,false,false,1,1,,2,18,13,9,8,14,64,0,2,18,13,9,8,14,64,0,combatstyle,,Change Energy Type*,*,*,*,*,Alchemical Etchings*,,,,,
Legacy's Oath Vest,4001862073,"""6917529338974360980""",keep,Legendary,Chest Armor,deepstonecrypt,Hunter,1269,,Void Energy Capacity,4,Vault,true,true,false,4,12,,15,6,9,25,2,2,59,0,15,6,9,25,2,2,59,0,"combatstyle,deepstonecrypt",,Upgrade Armor*,*,*,*,*,,,,,,
Praefectus Robes,2166974634,"""6917529576077414096""",,Legendary,Chest Armor,seasonpass,Warlock,1317,,Arc Energy Capacity,1,Vault,true,false,false,4,13,,7,2,17,14,2,11,53,0,7,2,17,14,2,11,53,0,combatstyle,,Change Energy Type*,*,*,*,*,,,,,,
Lightkin Strides,3827066919,"""6917529386538259670""",keep,Legendary,Leg Armor,servitor,Hunter,1310,,Void Energy Capacity,7,Vault,true,true,false,4,14,,2,2,25,22,2,7,60,0,2,2,25,22,2,7,60,0,combatstyle,,Traction*,Better Already*,Reaping Wellmaker*,Satou Tribe*,Upgrade Armor*,*,*,*,*,Iron Truage Boots*,
Legacy's Oath Vest,4001862073,"""6917529346943864686""",keep,Legendary,Chest Armor,deepstonecrypt,Hunter,1298,,Arc Energy Capacity,8,Vault,true,true,false,4,12,,21,16,2,2,7,24,72,0,11,16,2,2,7,24,62,0,"combatstyle,deepstonecrypt",,Mobility Mod*,Sniper Damage Resistance*,Concussive Dampener*,Global Reach*,Upgrade Armor*,*,*,*,*,,
Felwinter's Helm,2822465023,"""6917529576217714600""",,Exotic,Helmet,,Warlock,1320,,Stasis Cost,2,Vault,true,false,false,3,10,,6,10,14,21,2,10,63,0,6,10,14,21,2,10,63,0,combatstyle,,Upgrade Armor*,*,*,*,*,Warlord's End*,,,,,
Red Moon Phantom Steps,1649776522,"""6917529362012793785""",keep,Legendary,Leg Armor,legendaryengram,Hunter,1310,,Solar Energy Capacity,5,Vault,true,true,false,4,13,,2,6,25,6,11,9,59,0,2,6,25,6,11,9,59,0,combatstyle,,Upgrade Armor*,*,*,*,*,,,,,,
Iron Truage Boots,2251614491,"""6917529358408868595""",keep,Legendary,Leg Armor,ironbanner,Hunter,1307,,Arc Energy Capacity,8,Vault,true,true,false,4,13,,2,16,13,2,2,30,65,0,2,16,13,2,2,30,65,0,combatstyle,,Minor Mobility Mod*,Traction*,Shotgun Scavenger*,Overcharge Wellmaker*,Lilac Bombast*,Upgrade Armor*,*,*,*,*,Flowing Boots*
Lightkin Robes,2146386894,"""6917529576234597650""",,Legendary,Chest Armor,servitor,Warlock,1317,,Solar Energy Capacity,5,Vault,true,false,false,4,14,,7,7,10,6,12,8,50,0,7,7,10,6,12,8,50,0,combatstyle,,Upgrade Armor*,*,*,*,*,,,,,,
Lightkin Boots,1248864692,"""6917529575420348140""",,Legendary,Leg Armor,servitor,Warlock,1318,,Stasis Cost,1,Vault,true,false,false,4,14,,6,19,2,10,7,8,52,0,6,19,2,10,7,8,52,0,combatstyle,,Change Energy Type*,*,*,*,*,,,,,,
Errant Knight 1.0,215674186,"""6917529376020734438""",keep,Legendary,Gauntlets,legendaryengram,Hunter,1316,,Arc Energy Capacity,4,Vault,true,true,false,4,12,,6,20,2,18,12,2,60,0,6,20,2,18,12,2,60,0,combatstyle,,Upgrade Armor*,*,*,*,*,,,,,,
Holdfast Mask,3097544525,"""6917529445615872383""",keep,Legendary,Helmet,seasonpass,Hunter,1320,,Solar Energy Capacity,5,Vault,true,true,false,3,11,,7,21,2,10,12,10,62,0,7,21,2,10,12,10,62,0,combatstyle,,Rage of the Warmind*,Upgrade Armor*,*,*,*,*,,,,,
Twisting Echo Mask,2744480004,"""6917529561767070864""",keep,Legendary,Helmet,30th,Hunter,1320,,Arc Energy Capacity,1,Vault,true,true,false,4,15,,7,22,2,2,16,16,65,0,7,22,2,2,16,16,65,0,combatstyle,,Change Energy Type*,*,*,*,*,,,,,,
Phobos Warden Strides,438165659,"""6917529351362435165""",keep,Legendary,Leg Armor,strikes,Hunter,1305,,Void Energy Capacity,4,Vault,true,true,false,4,14,,14,8,10,20,2,9,63,0,14,8,10,20,2,9,63,0,combatstyle,,Cellular Suppression*,Upgrade Armor*,*,*,*,*,,,,,
Chiron's Cure,1486292360,"""6917529577854153403""",,Rare,Helmet,campaign,Warlock,1319,,Arc Energy Capacity,5,Vault,true,false,false,2,4,,6,8,10,16,6,2,48,0,6,8,10,16,6,2,48,0,,,Upgrade Armor*,*,*,*,*,,,,,,
Eimin-Tin Ritual Mask,3634942770,"""6917529574937597454""",,Legendary,Helmet,tangled,Warlock,1311,,Arc Energy Capacity,1,Vault,true,false,false,4,12,,12,9,7,7,7,12,54,0,12,9,7,7,7,12,54,0,combatstyle,,Change Energy Type*,*,*,*,*,,,,,,
Thorium Holt Robes,3603834073,"""6917529576197352340""",,Legendary,Chest Armor,legendaryengram,Warlock,1319,,Stasis Cost,2,Vault,true,false,false,4,13,,11,2,13,6,16,2,50,0,11,2,13,6,16,2,50,0,combatstyle,,Upgrade Armor*,*,*,*,*,,,,,,
Atonement Tau,3524846593,"""6917529580434955036""",,Rare,Helmet,campaign,Warlock,1318,,Void Energy Capacity,5,Vault,true,false,false,2,4,,6,6,10,12,6,6,46,0,6,6,10,12,6,6,46,0,,,Upgrade Armor*,*,*,*,*,,,,,,
Simulator Robes,248302381,"""6917529568938851660""",keep,Legendary,Chest Armor,fwc,Warlock,1310,,Void Energy Capacity,5,Vault,true,true,false,3,10,,11,12,13,2,6,17,61,0,11,2,13,2,6,17,51,0,combatstyle,,Resilience Mod*,Sniper Damage Resistance*,Concussive Dampener*,Upgrade Armor*,*,*,*,*,,,
Lightkin Cover,1245678091,"""6917529576205909622""",,Legendary,Helmet,servitor,Warlock,1319,,Void Energy Capacity,1,Vault,true,false,false,4,14,,2,8,17,6,11,10,54,0,2,8,17,6,11,10,54,0,combatstyle,,Change Energy Type*,*,*,*,*,,,,,,
Praefectus Boots,2804094976,"""6917529576137238363""",,Legendary,Leg Armor,seasonpass,Warlock,1319,,Solar Energy Capacity,3,Vault,true,false,false,4,13,,2,11,11,23,2,2,51,0,2,11,11,23,2,2,51,0,combatstyle,,Upgrade Armor*,*,*,*,*,,,,,,
Wild Hunt Vest,1458739906,"""6917529375087928374""",keep,Legendary,Chest Armor,seasonpass,Hunter,1310,,Solar Energy Capacity,1,Vault,true,true,false,4,12,,13,13,2,2,25,2,57,0,13,13,2,2,25,2,57,0,combatstyle,,Change Energy Type*,*,*,*,*,,,,,,
High-Minded Complex,1800940324,"""6917529574932365495""",,Legendary,Helmet,legendaryengram,Warlock,1318,,Stasis Cost,3,Vault,true,false,false,4,15,,12,2,16,12,11,2,55,0,12,2,16,12,11,2,55,0,combatstyle,,Upgrade Armor*,*,*,*,*,,,,,,
The Bombardiers,1219761634,"""6917529343922931216""",keep,Exotic,Leg Armor,,Hunter,1285,,Arc Energy Capacity,1,Vault,true,true,false,3,9,,19,2,9,10,13,7,60,0,19,2,9,10,13,7,60,0,combatstyle,,Change Energy Type*,*,*,*,*,Parting Gift*,,,,,
Khepri's Sting,2757274117,"""6917529375087929193""",keep,Exotic,Gauntlets,,Hunter,1315,,Solar Energy Capacity,4,Vault,true,true,false,2,7,,3,23,8,6,10,14,64,0,3,23,8,6,10,14,64,0,combatstyle,,Upgrade Armor*,*,*,*,*,Touch of Venom*,,,,,
Mechaneer's Tricksleeves,1734144409,"""6917529375079041502""",keep,Exotic,Gauntlets,,Hunter,1316,,Solar Energy Capacity,2,Vault,true,true,false,1,1,,8,14,11,14,2,16,65,0,8,14,11,14,2,16,65,0,combatstyle,,Upgrade Armor*,*,*,*,*,Spring-Loaded Mounting*,,,,,
Lightkin Robes,2146386894,"""6917529577854153334""",,Legendary,Chest Armor,servitor,Warlock,1319,,Stasis Cost,1,Vault,true,false,false,4,14,,2,14,13,8,14,9,60,0,2,14,13,8,14,9,60,0,combatstyle,,Change Energy Type*,*,*,*,*,,,,,,
Lightkin Gloves,3862902650,"""6917529575420350516""",,Legendary,Gauntlets,servitor,Warlock,1320,,Void Energy Capacity,2,Vault,true,false,false,4,14,,6,12,13,2,20,6,59,0,6,12,13,2,20,6,59,0,combatstyle,,Upgrade Armor*,*,*,*,*,,,,,,
Lightkin Mask,30472172,"""6917529422810974867""",keep,Legendary,Helmet,servitor,Hunter,1320,,Void Energy Capacity,5,Vault,true,true,false,4,14,,10,2,20,6,2,26,66,0,10,2,20,6,2,26,66,0,combatstyle,,Resilience Mod*,Shotgun Ammo Finder*,Global Reach*,Upgrade Armor*,*,*,*,*,,,
Legacy's Oath Mask,893751566,"""6917529442651956369""",keep,Legendary,Helmet,deepstonecrypt,Hunter,1310,,Void Energy Capacity,2,Vault,true,true,false,4,12,,16,2,13,7,2,21,61,0,16,2,13,7,2,21,61,0,"combatstyle,deepstonecrypt",,Upgrade Armor*,*,*,*,*,,,,,,
Moonfang-X7 Crown,2288398391,"""6917529576329107311""",,Legendary,Helmet,dungeon,Warlock,1318,,Stasis Cost,4,Vault,true,false,false,3,11,,2,10,19,13,9,7,60,0,2,10,19,13,9,7,60,0,combatstyle,,Upgrade Armor*,*,*,*,*,,,,,,
Lightkin Mask,30472172,"""6917529422795605389""",keep,Legendary,Helmet,servitor,Hunter,1310,,Solar Energy Capacity,2,Vault,true,true,false,4,14,,2,20,7,9,18,6,62,0,2,20,7,9,18,6,62,0,combatstyle,,Upgrade Armor*,*,*,*,*,,,,,,
Oathkeeper,691578978,"""6917529431956038998""",keep,Exotic,Gauntlets,,Hunter,1319,,Arc Energy Capacity,2,Vault,true,true,false,2,4,,3,16,17,10,14,7,67,0,3,16,17,10,14,7,67,0,combatstyle,,Upgrade Armor*,*,*,*,*,Adamantine Brace*,,,,,
Lightkin Grips,3479737253,"""6917529422790263294""",keep,Legendary,Gauntlets,servitor,Hunter,1310,,Arc Energy Capacity,9,Vault,true,true,false,4,14,,2,26,6,7,22,2,65,0,2,26,6,7,22,2,65,0,combatstyle,,Upgrade Armor*,*,*,*,*,,,,,,
Lightkin Grips,3479737253,"""6917529366369843267""",keep,Legendary,Gauntlets,servitor,Hunter,1310,,Arc Energy Capacity,9,Vault,true,true,false,4,14,,21,8,2,8,2,27,68,0,21,8,2,8,2,22,63,0,combatstyle,,Minor Strength Mod*,Upgrade Armor*,*,*,*,*,,,,,
Moonfang-X7 Crown,2288398391,"""6917529576310601986""",,Legendary,Helmet,dungeon,Warlock,1317,,Solar Energy Capacity,2,Vault,true,false,false,3,11,,2,7,24,2,2,28,65,0,2,7,24,2,2,28,65,0,combatstyle,,Upgrade Armor*,*,*,*,*,,,,,,
Lightkin Grips,3479737253,"""6917529431992009509""",keep,Legendary,Gauntlets,servitor,Hunter,1310,,Arc Energy Capacity,6,Vault,true,true,false,4,14,,2,10,20,12,2,16,62,0,2,10,20,12,2,16,62,0,combatstyle,,Upgrade Armor*,*,*,*,*,,,,,,
Tangled Web Hood,4113317396,"""6917529575409954995""",,Legendary,Helmet,legendaryengram,Warlock,1318,,Arc Energy Capacity,3,Vault,true,false,false,4,15,,19,2,6,2,12,12,53,0,19,2,6,2,12,12,53,0,combatstyle,,Upgrade Armor*,*,*,*,*,,,,,,
Lightkin Robes,2146386894,"""6917529577751130685""",,Legendary,Chest Armor,servitor,Warlock,1317,,Stasis Cost,3,Vault,true,false,false,4,14,,8,7,16,6,16,12,65,0,8,7,16,6,16,12,65,0,combatstyle,,Upgrade Armor*,*,*,*,*,,,,,,
Red Moon Phantom Vest,1571425240,"""6917529336691327431""",keep,Legendary,Chest Armor,legendaryengram,Hunter,1310,,Solar Energy Capacity,9,Vault,true,true,false,4,13,,6,2,26,12,21,2,69,0,6,2,26,7,21,2,64,0,combatstyle,,Minor Discipline Mod*,Concussive Dampener*,Sniper Damage Resistance*,Rage of the Warmind*,Upgrade Armor*,*,*,*,*,,
High-Minded Complex,1365254141,"""6917529575157236827""",,Legendary,Gauntlets,legendaryengram,Warlock,1300,,Stasis Cost,4,Vault,true,false,false,4,15,,18,2,6,2,14,11,53,0,18,2,6,2,14,11,53,0,combatstyle,,Upgrade Armor*,*,*,*,*,,,,,,
Lightkin Robes,2146386894,"""6917529577757620943""",,Legendary,Chest Armor,servitor,Warlock,1318,,Solar Energy Capacity,3,Vault,true,false,false,4,14,,9,2,17,12,6,10,56,0,9,2,17,12,6,10,56,0,combatstyle,,Upgrade Armor*,*,*,*,*,,,,,,
Prime Zealot Cuirass,1133961267,"""6917529370604850282""",keep,Legendary,Chest Armor,vog,Hunter,1316,,Void Energy Capacity,4,Vault,true,true,false,4,14,,7,2,23,16,14,2,64,0,7,2,23,16,14,2,64,0,"combatstyle,vaultofglass",,Upgrade Armor*,*,*,*,*,,,,,,
Lightkin Boots,1248864692,"""6917529575393090473""",,Legendary,Leg Armor,servitor,Warlock,1319,,Stasis Cost,2,Vault,true,false,false,4,14,,10,2,20,2,14,13,61,0,10,2,20,2,14,13,61,0,combatstyle,,Upgrade Armor*,*,*,*,*,,,,,,
Praefectus Boots,2804094976,"""6917529582443972841""",,Legendary,Leg Armor,seasonpass,Warlock,1317,,Arc Energy Capacity,1,Vault,true,false,false,4,13,,11,2,15,23,8,2,61,0,11,2,15,23,8,2,61,0,combatstyle,,Change Energy Type*,*,*,*,*,,,,,,